Date,Strategy1,Strategy2,Index
1/4/2005,-0.018359358,-0.007493775,-0.008458841
1/5/2005,0.006320204,0.002827204,0.00380774
1/6/2005,0.005813569,0.014677165,0.006177062
1/7/2005,-0.011000909,-0.001613262,-0.002760553
1/10/2005,-0.004177804,-0.002148906,-0.004544797
1/11/2005,0.010968289,-0.007869351,-0.007284122
1/12/2005,0.014682488,0.000105565,0.003491095
1/13/2005,0.009229965,0.008098903,0.004270566
1/14/2005,0.009682062,-0.003070353,0.005372552
1/17/2005,-0.006938418,-0.003012776,-0.004704232
1/18/2005,0.001893637,-0.002505109,-0.001160886
1/19/2005,-0.006571516,-0.008283384,-0.003631986
1/20/2005,0.002727557,0.002392914,0.000520747
1/21/2005,0.012691595,-0.000985557,0.00191535
1/24/2005,0.006696468,0.006509297,0.006379221
1/25/2005,-0.005235479,-0.000881057,0.000805253
1/26/2005,0.001180975,0.004115504,0.001299746
1/27/2005,-0.007801132,-0.004623608,-0.004244447
1/28/2005,0.001378952,0.004540397,0.004034928
1/31/2005,0.018355089,0.005900239,0.011108134
2/1/2005,0.01213547,-0.001150145,0.002038237
2/2/2005,-0.008645787,-0.002520589,-0.001606932
2/3/2005,0.004664195,0.00836811,0.006764053
2/4/2005,0.013022483,0.011083941,0.007750683
2/7/2005,0.010575845,-0.001607095,0.003152737
2/8/2005,-0.010487047,-0.00445016,-0.001020919
2/9/2005,-0.010151907,-0.000676825,0.001923693
2/10/2005,0.003887746,0.008593983,0.00884
2/11/2005,0.002832318,0.001637876,-0.000475794
2/14/2005,-0.00503562,0.001522273,0.003391646
2/15/2005,0.001405324,-0.006343746,-0.001126727
2/16/2005,0.013443606,0.000284568,0.000831156
2/17/2005,-0.001623194,0.003802245,-3.95E-05
2/18/2005,-0.00974775,0.006197665,0.000711856
2/21/2005,0.004272492,-0.006499376,-0.005512962
2/22/2005,-0.012428434,-0.01055022,-0.008821952
2/23/2005,0.004820074,9.83E-05,-0.003287561
2/24/2005,-0.003108682,0.003131091,0.006978942
2/25/2005,-0.009818821,-0.010542246,-0.007649597
2/28/2005,0.000297102,0.006349027,0.006440576
3/1/2005,0.00771325,-0.014358088,-0.001539846
3/2/2005,0.015221225,-0.000466696,0.004406345
3/3/2005,0.002560095,0.004611671,0.00428731
3/4/2005,-0.005812945,0.00051488,-0.001806882
3/7/2005,3.29E-05,-0.008495266,-0.003242362
3/8/2005,-0.008383593,0.001491856,-0.002953561
3/9/2005,-0.020006377,-0.001437291,-0.006805308
3/10/2005,-0.007266625,0.004492412,0.004010399
3/11/2005,-0.006515665,0.004036413,-0.001405058
3/14/2005,0.005353176,0.006747972,0.005065327
3/15/2005,-0.01740136,-0.012335618,-0.012519499
3/16/2005,0.002712612,-0.002980293,-0.003139177
3/17/2005,-0.000826985,0.002067542,0.000243798
3/18/2005,-0.004028357,0.000486394,0.002071781
3/21/2005,-0.003210172,0.00362299,0.000770244
3/22/2005,-0.010624781,-0.00253175,-0.005448322
3/23/2005,-0.004390849,0.002487395,0.002464158
3/24/2005,-0.01387626,-0.005862082,-0.000711021
3/29/2005,-0.007601999,-0.005393856,-0.003720268
3/30/2005,-0.004893616,-0.004558679,-0.001285531
3/31/2005,-0.002710299,0.004365286,0.004004577
4/1/2005,-0.019363468,-0.003576129,-0.003520554
4/4/2005,0.016129377,0.010512116,0.009434926
4/5/2005,-0.004186373,0.000984515,0.000910397
4/6/2005,0.001191137,0.013079206,0.005982941
4/7/2005,0.011735048,0.005022561,0.0013261
4/8/2005,-0.002123831,0.00025541,-0.002086845
4/11/2005,0.00447588,-0.002880634,-0.0054291
4/12/2005,-0.000909809,0.00474123,0.002951761
4/13/2005,-0.002465859,-0.001939159,-0.003104338
4/14/2005,-0.009618435,-0.011573363,-0.010878796
4/15/2005,-0.00932268,-0.019339958,-0.01318587
4/18/2005,0.002514315,0.004059021,0.005904166
4/19/2005,0.001414853,-0.011094907,-0.006919845
4/20/2005,-0.01153681,0.001833442,-0.000497719
4/21/2005,-0.010547559,0.003598708,0.006162337
4/22/2005,0.014554352,0.002237385,0.003216959
4/25/2005,-0.003587352,-0.014488404,-0.003987749
4/26/2005,-0.013307173,-0.012290551,-0.011577753
4/27/2005,0.017517326,-0.003006806,0.000167036
4/28/2005,-0.00422833,-0.002572678,0.002400735
4/29/2005,0.018929332,0.007766134,0.012391445
5/3/2005,0.006406377,0.011141937,0.004381634
5/4/2005,-0.006321287,-0.002557444,0.0040553
5/5/2005,0.006695838,0.002054747,0.003386166
5/6/2005,-0.006271985,0.005829164,-0.001748358
5/9/2005,-0.016476058,-0.007732219,-0.003645398
5/10/2005,0.00571481,0.00086311,-0.003474777
5/11/2005,-0.003284606,-0.002660705,0.003650982
5/12/2005,-0.000864175,-0.001339495,-0.001369247
5/13/2005,0.003974433,-0.001186752,-0.000470685
5/16/2005,0.017036635,0.005999856,0.002927808
5/17/2005,0.013797796,0.011100176,0.010390936
5/18/2005,0.014814427,0.001166269,0.002687194
5/19/2005,0.000261247,0.008110748,0.001833679
5/20/2005,0.004535037,0.009055597,0.003620419
5/23/2005,-0.010267293,-0.002011625,-0.001462984
5/24/2005,0.0042372,0.006129061,-0.002207727
5/25/2005,0.000354493,0.007377467,0.004706829
5/26/2005,-0.00154241,5.56E-05,-0.001721756
5/27/2005,-0.018760359,0.001895127,-0.004472254
5/31/2005,0.013858876,0.015166334,0.009468171
6/1/2005,-0.006907654,-0.000260613,-0.001197366
6/2/2005,0.004603394,-0.003670466,-0.001118881
6/3/2005,0.002697244,-0.002694842,-0.003800456
6/6/2005,0.00752915,0.012512874,0.008995261
6/7/2005,0.010721444,-0.007464333,-0.004278437
6/8/2005,0.000475389,0.003448098,0.001099187
6/9/2005,0.003617751,0.00341007,0.004232213
6/10/2005,0.004288386,0.003265035,0.003975827
6/13/2005,-0.005862891,-0.001053307,-0.000712815
6/14/2005,-0.00176285,-0.010684653,-0.005409368
6/15/2005,0.010316629,0.001666071,0.005080187
6/16/2005,0.012878029,0.004641404,0.006461843
6/17/2005,0.003024594,0.000819868,-0.001102883
6/20/2005,0.003574696,0.009473735,0.001991325
6/21/2005,0.004968798,0.005459741,0.003384428
6/22/2005,0.003176653,0.002681881,0.002961191
6/23/2005,-0.00169306,-0.006146626,-0.006921633
6/24/2005,0.001959433,-0.011745233,-0.006989565
6/27/2005,0.007810359,0.00128962,0.009299098
6/28/2005,-0.00672399,0.0002932,0.003673582
6/29/2005,-0.008288325,-0.00352532,0.00080249
6/30/2005,0.014233052,0.008549904,0.009348353
7/1/2005,0.008550332,-4.08E-05,0.004514629
7/4/2005,-0.005320552,0.002349479,0.001118762
7/5/2005,0.023514056,0.002377272,0.007610643
7/6/2005,-0.021138504,-0.01684545,-0.01363393
7/7/2005,0.016711695,0.00618287,0.014326425
7/8/2005,0.017580947,0.002440048,0.001949467
7/11/2005,-0.007820633,-0.008494051,-0.004806959
7/12/2005,-0.007191456,0.007827218,0.005501035
7/13/2005,-0.00309766,0.000592139,0.002630626
7/14/2005,0.002119831,-0.008280609,-0.00549461
7/15/2005,0.007151423,-0.001811336,-0.003173511
7/18/2005,0.000409183,-0.002745797,-0.002435656
7/19/2005,0.00203047,0.006071534,0.002633856
7/20/2005,-0.006359936,0.002756698,0.001227182
7/21/2005,-0.010651214,0.006707066,0.003868546
7/22/2005,0.01200292,0.004966696,0.005513373
7/25/2005,0.008168376,0.005405025,-0.002751058
7/26/2005,0.00568273,0.002526813,0.001407861
7/27/2005,0.003077206,0.00196796,0.001272893
7/28/2005,0.0042506,0.0073749,0.00227691
7/29/2005,0.007262061,0.002483687,0.001609148
8/1/2005,-0.000276454,0.007663862,0.006936569
8/2/2005,-0.006882477,-0.000854199,0.000900985
8/3/2005,-0.006674683,-0.007969731,-0.00315061
8/4/2005,-0.012885108,-4.93E-05,-0.000150503
8/5/2005,0.001321545,0.003828481,0.005569458
8/8/2005,0.000819717,-0.002561491,0.003630036
8/9/2005,0.001639814,0.000729237,0.002572851
8/10/2005,-0.004246114,-0.005614561,-0.003514644
8/11/2005,-0.003071899,-0.013444753,-0.002388684
8/12/2005,0.000477028,-0.004525518,-0.0002993
8/15/2005,-0.007437977,0.001333522,-0.004097901
8/16/2005,-0.00761143,-0.003275251,-0.005561505
8/17/2005,-0.008702948,-0.006627974,-0.004421184
8/18/2005,0.00462562,0.008050423,0.00821741
8/19/2005,-0.004055677,-0.006701664,0.001091744
8/22/2005,-0.006366364,-0.010077043,-0.003422082
8/23/2005,0.000114308,-0.004977003,-0.004716803
8/24/2005,0.00413317,-0.011728404,-0.003696542
8/25/2005,0.000147677,-0.008411944,-0.005251441
8/26/2005,-0.006990051,0.000859024,0.005298292
8/30/2005,0.003470722,0.008164863,0.007819932
8/31/2005,0.012989372,0.001212907,0.005965754
9/1/2005,-0.00385769,-0.002063327,-0.000319039
9/2/2005,-0.001187982,0.006818201,0.00206503
9/5/2005,-0.003485615,0.006027395,0.004009142
9/6/2005,0.003956801,-0.00100941,0.001250187
9/7/2005,-0.004707392,0.002626712,-0.004677687
9/8/2005,0.00580094,0.000926553,0.003463901
9/9/2005,-0.003246276,0.005912521,0.002948146
9/12/2005,-0.008360655,-0.012329527,-0.006902197
9/13/2005,-0.001491073,-0.003713182,0.001760959
9/14/2005,0.001267886,0.006585049,0.006750944
9/15/2005,-0.009881936,0.002615637,0.004532367
9/16/2005,-0.00096298,0.009732487,0.00403114
9/19/2005,-0.00735962,0.004446026,-0.002449491
9/20/2005,-0.013633778,-0.008921186,-0.008621963
9/21/2005,0.013640405,-0.007631598,0.002979682
9/22/2005,0.00638246,0.003691169,0.005180385
9/23/2005,0.000896994,-0.001021574,0.007296439
9/26/2005,0.007810412,-0.00300479,-0.001063615
9/27/2005,-0.001446617,0.007616621,0.008719916
9/28/2005,0.000563086,-0.000194962,-0.003021038
9/29/2005,0.006633274,0.005614246,-9.13E-05
9/30/2005,0.007302022,0.005221277,0.004344889
10/3/2005,-0.007046159,-0.010284574,-0.001290557
10/4/2005,-0.013611743,-0.010802188,-0.012121433
10/5/2005,-0.021054783,-0.020922529,-0.010206714
10/6/2005,-0.00429822,0.003993331,-0.001879979
10/7/2005,0.013129533,-0.00276102,0.002275143
10/10/2005,-0.006066442,0.00454639,0.001153596
10/11/2005,-0.007764242,0.000660446,-0.007155203
10/12/2005,-0.025162522,-0.013802304,-0.014413537
10/13/2005,-0.009761298,-0.00067638,0.001861278
10/14/2005,-0.000963649,0.000981171,0.002180095
10/17/2005,-0.006478829,-0.001379599,-0.00427504
10/18/2005,-0.014398166,-0.024434647,-0.018256426
10/19/2005,-0.017678401,-0.00235326,-0.000715972
10/20/2005,-0.007066295,0.000266409,-0.004260181
10/21/2005,0.021556512,0.009600794,0.012737986
10/24/2005,-0.006571425,-0.001963774,-0.004896689
10/25/2005,-0.003757033,0.004328564,0.008818819
10/26/2005,-0.016241699,-0.007412462,-0.008607827
10/27/2005,0.007981537,0.00743192,0.005904144
10/28/2005,0.025715863,0.020748157,0.019929413
10/31/2005,-2.76E-06,0.001489026,0.005077765
11/1/2005,-0.007086877,1.89E-05,0.002675748
11/2/2005,0.025691478,0.017156404,0.013678946
11/3/2005,0.017351134,-0.001629577,-0.00152801
11/4/2005,0.0010498,-0.000395712,0.006858913
11/7/2005,0.001655782,0.00142911,1.83E-05
11/8/2005,-0.012356203,-0.007924683,-0.003863832
11/9/2005,-0.006065942,0.000836372,-0.002996434
11/10/2005,0.009364413,0.004923521,0.007670324
11/11/2005,-0.013107511,0.011956151,0.000896598
11/14/2005,-0.014332576,-0.005002693,-0.005557587
11/15/2005,0.006842718,-0.00860978,-0.001764836
11/16/2005,0.00667576,0.006500727,0.005524862
11/17/2005,0.01517896,0.012075543,0.007124542
11/18/2005,-0.005610681,-0.003409103,-0.000181855
11/21/2005,-0.004334062,0.009673328,0.003510431
11/22/2005,0.001327075,0.002748713,0.002628145
11/23/2005,-0.001411635,-0.005475891,-0.003742068
11/24/2005,0.006576407,0.008063557,0.002322627
11/25/2005,-0.005736506,-0.01178402,-0.008400014
11/28/2005,0.008044521,0.01263061,0.00248293
11/29/2005,-0.012011596,-0.012354367,-0.012347478
11/30/2005,0.011575746,0.018062876,0.011598318
12/1/2005,-0.002092667,0.014255981,0.007655712
12/2/2005,0.00226057,-0.004744643,-0.003201823
12/5/2005,0.013069676,0.002323238,0.005153891
12/6/2005,0.004529938,0.001702904,-0.001805445
12/7/2005,0.010969806,0.000991415,0.000416003
12/8/2005,-0.005022746,0.002523055,-0.002476903
12/9/2005,-0.012503846,-0.000858376,-0.002881792
12/12/2005,-0.004544446,-0.001066383,0.001036081
12/13/2005,0.007938144,0.002530816,0.002523969
12/14/2005,0.005562978,-0.000681878,-0.004672982
12/15/2005,0.024687394,0.002549386,0.006605645
12/16/2005,0.001099868,-0.003580442,0.001482392
12/19/2005,0.004330165,0.006875464,0.001462147
12/20/2005,0.020041543,0.005605072,0.007119811
12/21/2005,-0.002801169,0.005530901,0.001718152
12/22/2005,0.009905998,0.003061065,-0.000285867
12/23/2005,0.015123264,0.007383263,0.00489688
12/28/2005,0.003475092,-0.005591833,0.002756634
12/29/2005,-0.008322304,-0.00319628,-0.003458489
12/30/2005,0.012008474,0.012029397,0.011158966
1/3/2006,0.010913908,0.007350094,0.005825926
1/4/2006,-0.000649627,-0.006074477,-0.004094775
1/5/2006,0.005455101,0.006352521,0.007133821
1/6/2006,0.005630325,-0.004705439,-5.23E-05
1/9/2006,-0.008611005,-0.008573074,-0.007450057
1/10/2006,0.010690978,0.012065299,0.007505977
1/11/2006,-0.002341992,0.005243467,0.000628108
1/12/2006,-0.011228287,-0.005888782,-0.004202194
1/13/2006,0.001023652,0.006169465,0.00511294
1/16/2006,-0.007924109,-0.007714253,-0.00717745
1/17/2006,0.001386462,-0.008422218,-0.006194069
1/18/2006,-0.003318114,0.007565312,0.005208609
1/19/2006,0.004689316,-0.002561985,-0.003653481
1/20/2006,-0.006174844,-0.007916741,-0.002027361
1/23/2006,-0.010865315,-0.007766573,-0.004787225
1/24/2006,0.011647226,0.016282383,0.012531506
1/25/2006,0.001495447,-0.004528537,0.00319052
1/26/2006,0.017806539,0.007580574,0.011218677
1/27/2006,0.006903993,0.004763927,-0.00120965
1/30/2006,0.000573999,0.001994671,-0.003373819
1/31/2006,0.000911455,0.008413702,0.007169765
2/1/2006,-0.010161714,-0.014615691,-0.009359487
2/2/2006,-0.001976992,0.00224364,0.002087937
2/3/2006,0.008480996,0.004621802,0.002274582
2/6/2006,0.00220287,-0.009766114,-0.004434897
2/7/2006,0.003992932,0.002910452,-0.003776014
2/8/2006,0.020846156,0.025371609,0.014602365
2/9/2006,-0.00889945,-0.005673247,-0.007678138
2/10/2006,-0.000286252,0.005782997,0.005100536
2/13/2006,0.003697903,0.001245962,-0.000207129
2/14/2006,-0.005979366,0.003837302,-0.000138114
2/15/2006,0.006578551,0.010067539,0.00645774
2/16/2006,0.008867925,0.008126671,0.00296797
2/17/2006,0.000905353,0.009487121,0.002873662
2/20/2006,-0.015676423,0.004783919,-0.000903974
2/21/2006,0.019620732,0.004941748,0.002509517
2/22/2006,-0.011382157,-0.004215946,-0.006198488
2/23/2006,0.007972806,-0.001642314,0.004198081
2/24/2006,0.018634918,0.006793829,0.002627762
2/27/2006,-0.024290679,-0.017657092,-0.014363757
2/28/2006,0.008672759,0.004338717,0.009082276
3/1/2006,-0.008345203,0.007963957,-0.001899351
3/2/2006,0.01006872,0.001749286,0.004405966
3/3/2006,0.015212167,0.005138609,0.006673835
3/6/2006,-0.005925355,-0.009245393,-0.006850012
3/7/2006,-0.007005027,-0.00203917,-0.007597227
3/8/2006,0.003669187,0.008098081,0.00739734
3/9/2006,0.01518437,0.01329236,0.008879933
3/10/2006,0.004834921,0.010708993,0.007599993
3/13/2006,0.003724835,0.001499908,-0.000369574
3/14/2006,-0.007515262,-0.004667939,0.002436729
3/15/2006,0.004132902,0.007194748,0.004710734
3/16/2006,-0.002985406,-0.004796305,0.001034506
3/17/2006,-0.006502854,-0.001484707,-0.001283462
3/20/2006,-0.003136057,0.001525068,-6.68E-05
3/21/2006,-0.007351655,0.004052627,0.002703921
3/22/2006,0.009121905,-0.004222926,-0.00289638
3/23/2006,0.000499734,0.00799843,0.007712726
3/24/2006,-0.012894106,-0.008410299,-0.010619088
3/27/2006,-0.00223381,0.001960242,-0.006111651
3/28/2006,-0.001244717,0.004968591,0.003959095
3/29/2006,0.005248716,0.012468462,0.009397235
3/30/2006,-0.004167827,-0.010873708,-0.008412023
3/31/2006,0.009205541,0.01111694,0.010009053
4/3/2006,0.004731958,-0.000518874,-0.00325349
4/4/2006,-0.002281985,0.00758233,0.006561527
4/5/2006,0.009529503,0.000481575,0.000264721
4/6/2006,-0.001596499,-0.007371968,-0.003241974
4/7/2006,0.001388424,0.005132938,0.006787143
4/10/2006,-0.011481626,-0.012262552,-0.008323718
4/11/2006,0.002789891,-0.000616092,-0.002609491
4/12/2006,0.00060951,0.004216177,0.004766031
4/13/2006,0.002007125,-0.001033115,0.002438054
4/18/2006,0.014086797,0.006926072,0.007561093
4/19/2006,-0.000225454,-0.003135586,-0.001379356
4/20/2006,0.001960682,0.010274817,0.008435558
4/21/2006,-0.002968213,-0.008600417,-0.005544051
4/24/2006,-0.001869062,-0.003933655,-0.001984029
4/25/2006,0.003975618,-0.000351325,0.002908027
4/26/2006,-0.012440767,-0.005996133,-0.007257179
4/27/2006,-0.002327144,-0.007316345,-0.006089109
4/28/2006,0.013850594,0.005315184,0.00979562
5/2/2006,0.004401729,-0.005158001,-0.011854458
5/3/2006,-0.003824669,0.003281252,0.004475874
5/4/2006,0.015154513,0.008836725,0.009077507
5/5/2006,-0.005149195,0.001576181,-0.004038282
5/8/2006,0.009993926,0.006081893,0.006345701
5/9/2006,-0.015760782,-0.008433797,-0.003636006
5/10/2006,0.010004739,-0.002936904,-0.006805405
5/11/2006,-0.028855919,-0.017842297,-0.021499503
5/12/2006,-0.009466024,-0.009667098,-0.01197544
5/15/2006,-0.003983881,0.002845639,0.000838854
5/16/2006,-0.040460134,-0.025362873,-0.029198454
5/17/2006,0.008016995,-0.001307879,-0.000687164
5/18/2006,-0.011007744,0.000474813,-0.002503703
5/19/2006,-0.030185875,-0.020180256,-0.022041927
5/22/2006,0.026803134,0.033448317,0.026388563
5/23/2006,-0.011051009,-0.01888664,-0.016130452
5/24/2006,0.015616283,0.01019519,0.016215926
5/25/2006,0.016874001,0.027801543,0.019955264
5/26/2006,-0.011824039,-0.028374232,-0.024002763
5/30/2006,0.02817761,0.013462704,0.012703468
5/31/2006,0.010191039,-0.000522851,0.004524966
6/1/2006,0.000622632,0.00175823,0.00259144
6/2/2006,-0.002677736,-0.003996987,-0.000433681
6/5/2006,-0.020679075,-0.018947375,-0.016018465
6/6/2006,0.006291687,0.006104441,0.006437617
6/7/2006,-0.019222231,-0.027798635,-0.025130119
6/8/2006,0.020585416,0.018496714,0.016592065
6/9/2006,-0.007737821,-0.007058082,-0.006065214
6/12/2006,-0.006182799,-0.019417014,-0.018022025
6/13/2006,0.000564575,-0.002984341,-0.002319009
6/14/2006,0.016916965,0.013431111,0.020429287
6/15/2006,-0.003675971,-0.007471317,-0.003897283
6/16/2006,0.011082382,0.003416392,0.005127381
6/19/2006,0.011334871,0.01004082,0.005705551
6/20/2006,0.004536279,0.006756421,0.001201796
6/21/2006,-0.000973662,0.005476686,0.00337158
6/22/2006,-0.002294177,0.007718536,0.001407435
6/23/2006,0.00656641,-0.003830171,-0.001914935
6/26/2006,-0.004491826,-0.006415617,-0.005086953
6/27/2006,0.013667936,0.009594639,0.004652973
6/28/2006,0.022910003,0.01852265,0.019881661
6/29/2006,0.001160436,0.011379142,0.007234741
6/30/2006,0.018268506,0.008669461,0.008742757
7/3/2006,-0.008700947,0.004517512,-0.000152947
7/4/2006,-0.012141397,-0.013490793,-0.009654117
7/5/2006,0.003617324,0.022582661,0.010863782
7/6/2006,0.013873921,-0.006418467,-0.000186757
7/7/2006,-0.005287111,-0.002587415,0.001358488
7/10/2006,-0.011014884,-0.002293441,-0.006715393
7/11/2006,-0.000522304,0.005064105,0.0005634
7/12/2006,-0.014013602,-0.010487167,-0.016312323
7/13/2006,-0.010938216,-0.01413231,-0.009956635
7/14/2006,-8.61E-05,0.000721413,-0.001156353
7/17/2006,0.001291915,-0.007730774,-0.003385371
7/18/2006,0.013880091,0.015856986,0.016949153
7/19/2006,0.002889865,-0.006013281,-0.001228799
7/20/2006,-0.016030225,-0.009015609,-0.0088721
7/21/2006,0.01185447,0.024853431,0.019966082
7/24/2006,-0.003487856,-0.002937945,0.002965426
7/25/2006,0.00358919,0.000745921,0.004426442
7/26/2006,0.000769649,0.005091732,0.008915962
7/27/2006,0.003125878,0.015208187,0.007656632
7/28/2006,-0.024572213,-0.015803178,-0.007799294
7/31/2006,-0.016699629,-0.014520562,-0.008012415
8/1/2006,0.018498464,0.007657947,0.008723303
8/2/2006,-0.006963446,-0.025093389,-0.015795418
8/3/2006,0.002517156,0.005572353,0.00873527
8/4/2006,-0.001730257,-0.001385395,-0.010289673
8/7/2006,0.006121062,-0.000698697,-0.001835712
8/8/2006,0.016159913,0.004150432,0.007287602
8/9/2006,-0.014217991,-0.002268018,-0.006330518
8/10/2006,-0.010323239,0.001104028,-0.000566679
8/11/2006,0.012590174,0.006583366,0.008728372
8/14/2006,0.012197873,0.002156263,0.004598954
8/15/2006,-0.002177055,-0.007916809,-0.000220417
8/16/2006,0.000165106,-0.005430656,0.000644439
8/17/2006,0.006507757,-0.000537216,0.00050844
8/18/2006,-0.002606466,-0.001759332,0.001998848
8/21/2006,-0.010377211,-0.007433915,-0.002130105
8/22/2006,-0.012223324,-0.0053634,-0.007217159
8/23/2006,0.007189444,0.002916091,0.001552901
8/24/2006,-0.006827254,0.014567836,0.001618647
8/25/2006,0.012388992,0.001141071,0.001650053
8/29/2006,0.005537003,0.005553447,0.00696296
8/30/2006,-0.00396003,-0.001654083,-0.003912772
8/31/2006,0.004425442,0.010117671,0.007280608
9/1/2006,-0.00066962,0.012563375,0.006303474
9/4/2006,-0.018017024,-0.000552008,-0.000818495
9/5/2006,-0.004576217,-0.011706642,-0.008760051
9/6/2006,-0.017671221,-0.020400254,-0.012008163
9/7/2006,0.010736573,-0.000895084,0.003618921
9/8/2006,-0.023455309,-0.006499681,-0.004847516
9/11/2006,0.012352537,-0.003860181,0.007639981
9/12/2006,0.004105154,0.004520532,-0.000559749
9/13/2006,-0.013991782,-0.003664908,-0.002545738
9/14/2006,-0.003637729,-0.003216939,-3.40E-05
9/15/2006,0.003906384,0.004463857,0.002246044
9/18/2006,0.00190487,-0.012414799,-0.009914774
9/19/2006,0.010088447,0.00035941,0.005898693
9/20/2006,0.025318346,0.004744867,0.005199277
9/21/2006,-0.002775736,-0.009574192,-0.012617227
9/22/2006,0.001640199,-0.000200161,-0.004122082
9/25/2006,0.007440234,0.010739345,0.012986565
9/26/2006,0.004770325,0.010480673,0.009619314
9/27/2006,0.005633758,8.24E-05,0.006947606
9/28/2006,-0.001637699,-0.00312812,-0.001758411
9/29/2006,0.010412696,-0.002340685,-0.000503288
10/2/2006,-0.004838044,-0.001571963,-0.003474437
10/3/2006,-0.003754279,0.002702501,0.004951913
10/4/2006,0.006347174,0.004440598,0.006368893
10/5/2006,0.005005786,0.00075979,-0.000549588
10/6/2006,0.002904443,0.000921698,0.00494901
10/9/2006,0.002865592,0.006319075,0.006930972
10/10/2006,0.007091271,0.003483939,0.000131737
10/11/2006,0.005222354,0.008909747,0.007870256
10/12/2006,0.011458628,0.006064265,0.005881104
10/13/2006,-0.004068601,0.004398583,0.002452374
10/16/2006,-0.006672508,-0.010253005,-0.010336336
10/17/2006,-0.003242776,0.007894058,0.006842812
10/18/2006,0.003437526,0.007037692,0.00091051
10/19/2006,0.006743013,0.005393461,-0.000129955
10/20/2006,0.006334243,0.000162489,0.00177086
10/23/2006,-0.005486431,0.002572751,0.002659704
10/24/2006,0.001222665,-0.000471298,0.005192074
10/25/2006,0.009351644,-0.000905055,-0.00479516
10/26/2006,-0.004237818,0.001438554,-0.003864313
10/27/2006,-0.002743414,-0.007602244,-0.005534906
10/30/2006,-0.001896512,-0.001005496,0.000391722
10/31/2006,0.002136449,-0.00342579,0.00332833
11/1/2006,-0.00042725,0.003462428,-4.88E-05
11/2/2006,0.003908563,0.000142983,-0.000195144
11/3/2006,0.010271751,0.019242154,0.012426603
11/6/2006,0.001729086,0.001248188,0.003132782
11/7/2006,0.001950299,-0.000214094,-0.000800769
11/8/2006,-0.001857738,-0.002353258,-0.001202116
11/9/2006,-0.005868537,-0.004092764,-0.003706973
11/10/2006,0.002033909,0.000775344,-0.002287224
11/13/2006,0.001722031,-0.002969515,-0.001226954
11/14/2006,-0.007840774,0.006199476,0.006982834
11/15/2006,0.007257882,4.93E-05,0.004029022
11/16/2006,-0.005303828,-0.002204232,-0.010056116
11/17/2006,0.005889616,0.005511857,0.002018734
11/20/2006,0.012040416,-0.003080904,-0.000306229
11/21/2006,-0.001748913,-0.008658205,-0.006819721
11/22/2006,-0.008609345,-0.000792048,-0.003295294
11/23/2006,-0.008694947,0.001703367,-0.002915309
11/24/2006,-0.005291804,-0.01257566,-0.01176067
11/27/2006,-0.001294475,-0.00971766,-0.003999934
11/28/2006,0.021059696,0.00894202,0.009708093
11/29/2006,-0.004727325,-0.007603702,-0.005851029
11/30/2006,0.001098137,0.00302305,-0.004513292
12/1/2006,0.001801679,0.007774904,0.004799469
12/4/2006,0.00994864,0.016469553,0.00595002
12/5/2006,-0.006484083,0.00119554,0.000640773
12/6/2006,0.003981851,0.011056378,0.006764856
12/7/2006,0.010686212,0.006523105,0.003408628
12/8/2006,0.012708408,-0.000897207,0.001202783
12/11/2006,-0.004163056,-0.00059957,-0.000551966
12/12/2006,0.008549751,0.006974865,0.005863817
12/13/2006,0.007917917,0.012785833,0.005732741
12/14/2006,0.006287932,0.001918724,0.005138086
12/15/2006,-0.01316066,-0.002788813,-0.00201278
12/18/2006,-0.003698791,-0.010423516,-0.006962897
12/19/2006,0.015134345,-0.01104289,-0.000854301
12/20/2006,0.006653462,-0.007584699,-0.002403769
12/21/2006,-0.001791979,-0.000849693,0.001018808
12/22/2006,0.003798953,0.004296153,0.008917609
12/27/2006,-0.013717466,0.000713323,-0.000688529
12/28/2006,0.005142091,7.54E-05,-0.003220689
12/29/2006,0.005141685,0.009020515,0.014483668
1/2/2007,-0.00042365,-0.000424657,0.001283494
1/3/2007,-0.006958366,-0.008383276,-0.005064092
1/4/2007,-0.02538842,-0.010986689,-0.010641005
1/5/2007,-0.00769643,-0.001773603,-0.00416392
1/8/2007,0.002898053,-0.002304782,0.000306739
1/9/2007,-0.00344406,0.001326515,-0.005713271
1/10/2007,0.012767141,0.016995629,0.011264954
1/11/2007,0.008286783,0.005644887,0.001428548
1/12/2007,0.007595503,0.005971802,0.003926911
1/15/2007,-0.025495361,-0.005954964,-0.007631516
1/16/2007,-0.00533572,-0.007248023,-0.001801889
1/17/2007,0.009410323,0.002200729,0.000934805
1/18/2007,-0.004564765,0.006519024,0.004331514
1/19/2007,0.003970144,-0.001127955,-0.003014173
1/22/2007,-0.009658371,9.40E-05,0.00147948
1/23/2007,0.020675209,0.017283767,0.014002184
1/24/2007,-0.015436581,-0.007455015,-0.007205295
1/25/2007,-0.000235354,-0.00380281,-0.006587657
1/26/2007,-0.009340497,-0.0038577,0.001910726
1/29/2007,-0.012208472,0.001836532,0.000336544
1/30/2007,0.000339298,-0.003874356,-0.006231977
1/31/2007,0.014568479,0.015971542,0.012751689
2/1/2007,0.00151304,0.008761907,0.004568463
2/2/2007,0.010581695,-0.000147522,0.001109192
2/5/2007,0.003515038,0.008235882,0.004495165
2/6/2007,0.002998332,-0.002810055,0.003655673
2/7/2007,-0.010608956,-0.006455532,-0.003626658
2/8/2007,0.002163784,0.003083882,0.005735535
2/9/2007,-0.010353041,-0.005750093,-0.004590462
2/12/2007,-0.003805807,0.012415284,0.004454238
2/13/2007,-0.007040187,0.00101948,0.006173807
2/14/2007,0.007871249,0.003548943,0.001884383
2/15/2007,-0.00847043,-0.006693401,-0.002145089
2/16/2007,0.007233158,0.001742934,0.003878807
2/19/2007,-0.003224104,-0.008914121,-0.004981069
2/20/2007,-0.014903324,-0.013675673,-0.008608456
2/21/2007,0.004116483,0.004237606,0.003743845
2/22/2007,-0.008034401,0.003853817,0.003228385
2/23/2007,0.009940435,0.001728361,0.005186284
2/26/2007,-0.026181508,-0.025199944,-0.02309354
2/27/2007,-0.022402336,-0.02838187,-0.018230699
2/28/2007,0.005147297,-0.006933177,-0.008992951
3/1/2007,0.004091059,0.005389722,3.27E-05
3/2/2007,-0.014983194,-0.010083891,-0.009401262
3/5/2007,0.005715778,0.006590808,0.013171142
3/6/2007,-0.005468623,0.004698099,0.002932312
3/7/2007,0.018352395,0.014883005,0.011565013
3/8/2007,0.012521925,-0.00047315,0.002810026
3/9/2007,0.004893886,-4.48E-05,-0.001905463
3/12/2007,-0.01114349,-0.009020733,-0.011566907
3/13/2007,-0.022480238,-0.019436929,-0.02605012
3/14/2007,0.01821841,0.021407507,0.022080757
3/15/2007,-0.001219131,-0.005412726,-0.000423922
3/16/2007,0.005767948,0.007073365,0.009591231
3/19/2007,0.001259549,0.005023272,0.004992406
3/20/2007,0.013374818,0.002589107,0.005867884
3/21/2007,0.011431463,0.009815206,0.009781358
3/22/2007,-0.002175064,-0.002862603,0.003387148
3/23/2007,-0.002124308,-0.011274768,-0.007492823
3/26/2007,-0.000104526,0.007761546,0.000111254
3/27/2007,-0.010177352,-0.001969348,-0.004036487
3/28/2007,-0.002628629,0.005278548,0.009094971
3/29/2007,-0.008430312,-0.000824718,-0.002561589
3/30/2007,0.003773746,0.0050544,0.001188966
4/2/2007,0.004565221,0.012537062,0.008012034
4/3/2007,0.011784313,0.001114245,-0.000219915
4/4/2007,0.006590489,0.006027655,0.005122001
4/5/2007,0.003008225,0.005398905,0.003204477
4/10/2007,0.005143831,-0.001363272,-0.000701175
4/11/2007,-0.007402924,-0.006396336,0.00048337
4/12/2007,0.00634237,0.00302828,0.007169129
4/13/2007,-0.001452468,0.007302517,0.00832508
4/16/2007,0.008218101,-0.000458571,-0.002823732
4/17/2007,-0.009853047,-0.001777048,-0.007448675
4/18/2007,-0.000211627,0.008219961,-0.001364468
4/19/2007,-0.006592832,0.01082399,0.007173245
4/20/2007,0.005898808,-0.002317887,-0.00109453
4/23/2007,-0.003895015,-0.010324859,-0.007747272
4/24/2007,0.00492619,0.011080113,0.005039272
4/25/2007,0.010656364,-0.006099646,0.001160649
4/26/2007,-0.011664321,-0.007651987,-0.007836894
4/27/2007,0.001333858,0.011688923,0.004751741
4/30/2007,-0.009295767,-0.010350486,-0.004589717
5/1/2007,0.014054951,0.014221195,0.010109664
5/2/2007,-0.002274604,0.011715543,0.008219601
5/3/2007,0.009563781,0.006664227,0.010079843
5/4/2007,-0.011627779,-0.007941337,-0.008071233
5/8/2007,-0.001034726,-0.003095869,-0.00012213
5/9/2007,-0.003045198,-0.000566427,-0.003893368
5/10/2007,-0.002083833,0.002092521,0.006376358
5/11/2007,-0.015163346,0.00023747,-0.001553528
5/14/2007,0.013893591,0.005546932,0.001998322
5/15/2007,-0.001211063,-0.003784645,-0.001385379
5/16/2007,0.002158481,0.000650487,0.003018523
5/17/2007,0.028042988,0.011251386,0.009362698
5/18/2007,0.010729808,-0.003596857,-0.000617386
5/21/2007,0.002447081,-0.002392403,-0.004550386
5/22/2007,0.008071752,-0.002560112,0.001483365
5/23/2007,-0.005442859,-0.007444975,-0.007708119
5/24/2007,0.00442383,-0.004596097,0.0007768
5/25/2007,0.002926833,0.006237493,0.005479035
5/29/2007,-0.00464134,0.001679647,-0.000666011
5/30/2007,-0.003625826,-0.002106792,0.002923312
5/31/2007,0.013439321,0.004587763,0.008351708
6/1/2007,-0.005892695,-0.001832616,-0.00188716
6/4/2007,-0.007420688,-0.012222204,-0.004696808
6/5/2007,-0.018931517,-0.015836521,-0.016599325
6/6/2007,0.005038595,-0.000251179,-0.002698269
6/7/2007,-0.00520297,-0.003752784,0
6/8/2007,0.011810587,0.020714603,0.009592474
6/11/2007,0.005132982,-0.014953812,-0.007171679
6/12/2007,0.013018862,0.008570197,0.006011901
6/13/2007,0.009046869,0.013654901,0.013766083
6/14/2007,0.008293666,0.011072026,0.012406202
6/15/2007,-0.002040349,-0.009784936,-0.004292674
6/18/2007,-0.008135943,-0.005149538,-0.00795107
6/19/2007,0.004808714,-0.002503361,-0.000135334
6/20/2007,-0.005118968,-0.012663921,-0.008015881
6/21/2007,-0.001900662,-0.000764216,-0.004335961
6/22/2007,-0.010065708,0.004193696,0.003197612
6/25/2007,0.004081595,-0.005021908,-0.004416854
6/26/2007,-0.008791511,-0.005421749,-0.004832833
6/27/2007,0.001270269,0.007798105,0.00669465
6/28/2007,0.011453215,0.00606068,0.005569674
6/29/2007,0.017667689,-0.00716113,-0.002618078
7/2/2007,0.013193284,0.004144611,0.007465178
7/3/2007,0.011859462,0.01048594,0.005015211
7/4/2007,-0.019796901,-0.006460998,-0.005679519
7/5/2007,0.007737073,0.018081604,0.008274054
7/6/2007,4.89E-05,0.000397018,0.003378126
7/9/2007,-0.018763385,-0.012037947,-0.012185857
7/10/2007,0.002334116,-0.006187193,-0.002382784
7/11/2007,0.023187108,0.009751759,0.012486584
7/12/2007,-0.002435122,-0.000201483,0.002836795
7/13/2007,-0.006541101,-0.003547431,-0.00282877
7/16/2007,-0.010627682,-0.007232495,-0.005763172
7/17/2007,-0.0147828,-0.008586276,-0.013815681
7/18/2007,0.015975013,0.009945739,0.011131245
7/19/2007,-0.001514287,-0.004048703,-0.008282883
7/20/2007,0.002740272,0.017942965,0.005952743
7/23/2007,-0.009140446,-0.014931345,-0.018975303
7/24/2007,-0.00874573,-0.006788219,-0.006832136
7/25/2007,-0.03150328,-0.033069252,-0.031467394
7/26/2007,-0.015610073,-0.010273941,-0.005758894
7/27/2007,0.001853242,0.000723933,-0.001464152
7/30/2007,0.021412956,0.022192451,0.024814296
7/31/2007,-0.029027861,-0.021675925,-0.01721671
8/1/2007,0.002092579,0.014600116,0.007951237
8/2/2007,-0.006489067,-0.01664529,-0.012062918
8/3/2007,-0.005605958,-0.000633286,-0.005655254
8/6/2007,0.013681506,0.024185884,0.019340453
8/7/2007,0.016359836,0.01416109,0.013489095
8/8/2007,-0.006831005,-0.020307802,-0.019190166
8/9/2007,-0.040545336,-0.032083373,-0.037138028
8/10/2007,0.041906598,0.029304201,0.029925641
8/13/2007,-0.015201831,-0.009952403,-0.012140215
8/14/2007,-0.020992543,-0.012997743,-0.005566859
8/15/2007,-0.036653895,-0.036104431,-0.040986692
8/16/2007,0.043617381,0.034715561,0.035040707
8/17/2007,0.005030851,0.000777797,0.002391082
8/20/2007,-0.000222016,0.0084531,0.001217366
8/21/2007,0.020097944,0.027313648,0.018057541
8/22/2007,-0.002527248,0.000488043,0.000145255
8/23/2007,0.008223405,0.00638157,0.003743807
8/24/2007,-0.018059987,-0.01467458,-0.018954679
8/28/2007,0.004470361,0.002345034,0.00491626
8/29/2007,0.020115926,0.017653215,0.013013274
8/30/2007,0.020126528,0.015128668,0.01469736
8/31/2007,-0.002544155,0.006455408,0.0018879
9/3/2007,0.01119163,0.011083935,0.009754244
9/4/2007,-0.024847881,-0.018332083,-0.016638439
9/5/2007,0.005845898,0.000194184,0.0067935
9/6/2007,-0.018732572,-0.026082441,-0.019340123
9/7/2007,-0.007934237,-0.011495939,-0.009222768
9/10/2007,0.032187426,0.030947033,0.023899187
9/11/2007,0.015098339,0.008219963,0.004060057
9/12/2007,0.012634182,0.012416078,0.009149726
9/13/2007,-0.005769787,-0.005649001,-0.011722372
9/14/2007,-0.00752661,-0.01277259,-0.016933522
9/17/2007,0.007479395,0.019211298,0.016254771
9/18/2007,0.034775516,0.026450024,0.028122165
9/19/2007,0.006189146,-0.000223082,-0.004798762
9/20/2007,0.010243242,0.004512719,0.004308602
9/21/2007,-0.006273901,0.002646839,0.001424876
9/24/2007,-0.01070005,-0.007296089,-0.010671368
9/25/2007,-0.001104031,0.011776911,0.005643359
9/26/2007,0.000307325,0.009706796,0.008300948
9/27/2007,-0.013734831,-0.002345594,-0.003021707
9/28/2007,-0.001968936,0.009830754,0.006092658
10/1/2007,-0.002026409,-0.002479764,-0.000891457
10/2/2007,0.023921196,0.000451268,0.005353517
10/3/2007,-0.007023912,0.005609588,0.001943322
10/4/2007,0.007796235,0.005139374,0.007315322
10/5/2007,-0.01049088,-0.005914372,-0.008323479
10/8/2007,0.012360923,0.013936585,0.01138987
10/9/2007,-0.00741258,0.001408961,0.002660459
10/10/2007,0.017014818,0.014079404,0.013794663
10/11/2007,0.014753098,-0.003376344,0.000922002
10/12/2007,-0.01432064,-0.006311508,-0.012806989
10/15/2007,-0.006582654,-0.001351509,-0.004545112
10/16/2007,0.003742224,0.01133889,0.009585292
10/17/2007,-0.010233332,-0.007109356,-0.010228073
10/18/2007,-0.026189058,-0.023307932,-0.012330923
10/19/2007,-0.01233044,-0.008317511,-0.010508739
10/22/2007,0.008183963,0.008557749,0.00846841
10/23/2007,-0.001504804,-0.012475325,-0.004912496
10/24/2007,0.005059066,0.020178555,0.014547979
10/25/2007,0.009771517,0.016285501,0.012925201
10/26/2007,0.013192625,0.009050271,0.006710402
10/29/2007,-0.010278007,-0.001973527,-0.007008649
10/30/2007,-0.002375273,0.005751464,0.009400811
10/31/2007,-0.011071075,-0.028235653,-0.020158891
11/1/2007,0.002758054,-0.012473611,-0.008426838
11/2/2007,-0.016577326,-0.010316136,-0.01059627
11/5/2007,-0.001428821,0.006664527,0.00208933
11/6/2007,-0.011385789,-0.009836352,-0.01386894
11/7/2007,-0.009460374,0.001607172,-0.000501167
11/8/2007,-0.016181251,-0.012399573,-0.012065372
11/9/2007,0.010010875,0.008419357,0.005234024
11/12/2007,0.011903785,0.004444326,0.003865634
11/13/2007,0.005689612,0.011883686,0.010954986
11/14/2007,-0.010171313,-0.015545922,-0.011271591
11/15/2007,-0.003477864,-0.005318847,-0.010755393
11/16/2007,-0.039295512,-0.031713111,-0.027085453
11/19/2007,0.021663313,0.013166996,0.017268984
11/20/2007,-0.020746838,-0.016555919,-0.024989962
11/21/2007,0.004614666,0.01254525,0.013902387
11/22/2007,0.01395402,0.017150944,0.017350901
11/23/2007,-0.015976159,-0.012159931,-0.013030772
11/26/2007,0.003221866,-0.007602117,-0.006439608
11/27/2007,0.029401352,0.025312194,0.026951325
11/28/2007,0.006928234,0.012817502,0.006802829
11/29/2007,0.010369586,0.013458415,0.01313572
11/30/2007,-0.013355784,-0.003490135,-0.007135639
12/3/2007,-0.022533897,-0.015381255,-0.011179657
12/4/2007,0.034996609,0.034890354,0.028280973
12/5/2007,0.001086609,0.006297792,-0.001262743
12/6/2007,0.011384232,0.00866076,0.01068521
12/7/2007,-0.005387728,-0.00208489,0.001601855
12/10/2007,-0.012004761,-0.006107293,-0.004340939
12/11/2007,0.011046881,0.00089986,0.00350319
12/12/2007,-0.033750062,-0.025645714,-0.029817982
12/13/2007,0.008005847,0.002466792,0.005153829
12/14/2007,-0.019559944,-0.010807864,-0.018633735
12/17/2007,-0.005678933,0.004982389,0.000238937
12/18/2007,0.019333085,0.000765953,0.000828118
12/19/2007,0.010597371,0.013392124,0.009722333
12/20/2007,0.016802113,0.014894634,0.013946672
12/21/2007,0.005083364,0.007750977,0.00702507
12/24/2007,0.012106337,-0.0027477,0.002855247
12/27/2007,-0.009406545,0.000263146,-0.003216473
12/28/2007,-0.00546239,0.00527934,-0.003087897
12/31/2007,0.004505082,-0.009365759,-0.006225898
1/2/2008,0.022648226,0.009277996,0.009771378
1/3/2008,-0.0126855,-0.018634425,-0.020202488
1/4/2008,-0.000487271,-0.003345317,-0.002016224
1/7/2008,0.002588626,-0.002666851,0.003282984
1/8/2008,-0.018232223,-0.018268123,-0.013183356
1/9/2008,-0.016421186,-0.007165695,-0.007971049
1/10/2008,-0.010454675,-0.008112558,-0.00332653
1/11/2008,0.002908958,0.002331698,0.002208965
1/14/2008,-0.022408447,-0.02831857,-0.030583844
1/15/2008,-0.004089252,-0.010328645,-0.013724774
1/16/2008,-0.02001863,-0.003829394,-0.006814855
1/17/2008,0.004284373,0.003104431,-0.000118596
1/18/2008,-0.045736061,-0.051219088,-0.054814714
1/21/2008,0.022892578,0.029577933,0.029023699
1/22/2008,-0.015390558,-0.020217972,-0.022787059
1/23/2008,0.046134366,0.052040708,0.047510385
1/24/2008,-0.013466323,0.002253801,-0.001157289
1/25/2008,-0.000927702,-0.008955713,-0.013647981
1/28/2008,0.000897397,0.014880018,0.016635285
1/29/2008,-0.015760372,-0.017275677,-0.008139061
1/30/2008,0.012173805,0.009661549,0.007280763
1/31/2008,0.018366566,0.02748785,0.025409028
2/1/2008,-0.001274645,0.000690019,-0.000497578
2/4/2008,-0.032474819,-0.026211053,-0.026252033
2/5/2008,0.00179113,0.003079643,0.001261077
2/6/2008,-0.027700768,-0.022610878,-0.025751438
2/7/2008,0.007727633,0.01566022,0.010464527
2/8/2008,-0.01119997,-0.014579622,-0.013191563
2/11/2008,0.043355685,0.041185442,0.035443348
2/12/2008,-0.009044446,-0.005306131,-0.005059222
2/13/2008,-0.017690159,0.005949239,-0.000136052
2/14/2008,-0.009238654,-0.010049998,-0.015597095
2/15/2008,0.03416244,0.033533193,0.030980026
2/19/2008,-0.013323721,-0.013502756,-0.012284436
2/20/2008,0.011432627,0.005466033,0.006549477
2/21/2008,-0.008127332,-0.015019902,-0.007366576
2/22/2008,0.023636213,0.016180403,0.018850301
2/25/2008,0.016139506,0.020239913,0.014651221
2/26/2008,0.004132342,-0.001332117,-0.001790584
2/27/2008,-0.007983636,-0.016140161,-0.018234181
2/28/2008,-0.008289386,-0.015249351,-0.013644669
2/29/2008,-0.009723134,-0.00796233,-0.011165304
3/3/2008,-0.010062069,-0.008400636,-0.008747809
3/4/2008,0.02318329,0.019993196,0.014875947
3/5/2008,-0.007856566,-0.008143078,-0.014879986
3/6/2008,-0.008617285,-0.012426326,-0.011532325
3/7/2008,-0.01211263,-0.012445913,-0.012421271
3/10/2008,0.01461644,0.014358838,0.01088984
3/11/2008,0.00561777,0.017908267,0.015113173
3/12/2008,-0.003637287,-0.015178909,-0.014541929
3/13/2008,-0.008874386,-0.017773718,-0.010663341
3/14/2008,-0.053202992,-0.030603341,-0.038585152
3/17/2008,0.037188387,0.036856001,0.035350177
3/18/2008,-0.014602398,-0.009344712,-0.010738878
3/19/2008,-0.010280591,-0.009504369,-0.009088286
3/20/2008,0.031957292,0.035779071,0.03528534
3/25/2008,-0.021621562,-0.004862683,-0.005044735
3/26/2008,0.001216456,0.008798952,0.010087626
3/27/2008,-0.001996353,-0.00443276,-0.00430258
3/28/2008,-0.006487453,0.006665798,0.001616048
3/31/2008,0.03498272,0.035238924,0.026393785
4/1/2008,0.026289409,0.011252685,0.010815706
4/2/2008,-0.017299954,-0.000814319,-0.004158285
4/3/2008,0.01745602,0.005572414,0.009471594
4/4/2008,0.00933998,0.016996028,0.0113837
4/7/2008,-0.014314514,-0.003945271,-0.004089912
4/8/2008,0.014850573,0.007836708,-0.001051718
4/9/2008,0.009965941,-0.009933583,-0.003141764
4/10/2008,-0.01845903,-0.016753377,-0.011667868
4/11/2008,-0.015579989,-0.011776032,-0.010838775
4/14/2008,0.010639293,0.015760143,0.012912408
4/15/2008,0.036005537,0.025548439,0.02358259
4/16/2008,-0.019471808,-0.011585987,-0.010882869
4/17/2008,0.006716528,0.016337572,0.012724901
4/18/2008,-0.000780005,9.33E-05,-0.000577892
4/21/2008,-0.002494992,-0.002726859,-0.003023294
4/22/2008,0.000800274,-0.000543138,0.008103137
4/23/2008,-0.010997036,0.003789695,-0.005407982
4/24/2008,0.002769346,0.00644185,0.006726494
4/25/2008,0.003150312,-0.000739739,-0.000164166
4/28/2008,-0.005570879,-0.000867695,-0.000164193
4/29/2008,-0.012257565,-0.008421304,-0.000344862
4/30/2008,0.014862462,-0.000940525,0
5/1/2008,0.020718451,0.019939698,0.02106024
5/2/2008,-0.002223547,0.003942579,-4.83E-05
5/6/2008,0.010825337,0.007376647,0.007369031
5/7/2008,0.002424211,0.005978094,0.001565245
5/8/2008,-0.004710179,-0.005914187,-0.01054092
5/9/2008,0.002544317,0.002720042,0.002562574
5/12/2008,0.004069203,-0.002608358,-0.001398579
5/13/2008,-0.002523701,0.00347936,0.000660024
5/14/2008,0.002313335,0.001696225,0.005759331
5/15/2008,0.002509234,0.00439686,0.008397581
5/16/2008,-0.00375583,0.008808659,0.011452501
5/19/2008,-0.02314964,-0.024779356,-0.028997099
5/20/2008,-0.007407345,-0.002134005,0.001049809
5/21/2008,-0.003956702,-0.00516646,-0.002662106
5/22/2008,-0.013856262,-0.01195732,-0.01525495
5/23/2008,0.009325383,-0.007017714,-0.004731162
5/27/2008,0.011409929,0.001773178,0.001832137
5/28/2008,0.0014194,-0.004839528,-0.000247133
5/29/2008,-0.003744487,-0.003134802,-0.002406025
5/30/2008,0.001777339,-0.009336281,-0.00758239
6/2/2008,0.012667585,0.011240284,0.008339437
6/3/2008,-0.017005269,-0.017033367,-0.014460934
6/4/2008,0.00767809,0.002114741,0.004221035
6/5/2008,-0.014236157,-0.022723205,-0.014761563
6/6/2008,-0.004085627,-0.004100333,-0.004943455
6/9/2008,-0.008031601,-0.011476244,-0.008557915
6/10/2008,-0.012964373,-0.022440315,-0.01784703
6/11/2008,0.004229862,0.017793725,0.011741478
6/12/2008,0.010208127,0.001509308,0.002124169
6/13/2008,-0.00680605,-0.001701507,-0.001413111
6/16/2008,0.01061928,0.017573639,0.011614262
6/17/2008,-0.011673408,-0.020974346,-0.017912281
6/18/2008,-0.002646232,-0.012936334,-0.008424673
6/19/2008,-0.013251773,-0.014673052,-0.015345806
6/20/2008,-0.000611385,0.008201236,0.008255053
6/23/2008,-0.023849829,-0.004997535,-0.005734754
6/24/2008,0.008459141,0.008562098,0.005572613
6/25/2008,-0.018832455,-0.034047662,-0.02610261
6/26/2008,-0.000392938,-0.006536521,0.002120257
6/27/2008,0.017006745,0.022022376,0.017360169
6/30/2008,-0.024348854,-0.024634847,-0.025951403
7/1/2008,-0.013150681,-0.005810958,-0.0097812
7/2/2008,0.014339834,0.001933021,0.009269668
7/3/2008,-0.013080077,-0.010747266,-0.011649564
7/4/2008,0.028585371,0.016286525,0.018456252
7/7/2008,-0.014036619,-0.007717444,-0.01309703
7/8/2008,0.025605899,0.01354191,0.016377171
7/9/2008,-0.023131582,-0.018619925,-0.022207755
7/10/2008,-0.029581605,-0.030597097,-0.026855071
7/11/2008,-0.002010301,0.010652021,0.007374183
7/14/2008,-0.027235169,-0.022201445,-0.024243453
7/15/2008,-0.00757946,-0.001254372,-0.004118409
7/16/2008,0.019565833,0.028106229,0.026346445
7/17/2008,0.020499912,0.016872777,0.017044057
7/18/2008,0.009946697,0.00398812,0.005189346
7/21/2008,-0.007951712,-0.001881054,-0.007438521
7/22/2008,0.013895984,0.019081754,0.015995228
7/23/2008,-0.013763574,-0.013078781,-0.016073689
7/24/2008,-0.014147055,-0.000570393,-0.001808925
7/25/2008,-0.004070172,-0.00260547,-0.007473004
7/28/2008,0.008903288,-0.001165121,0.00124233
7/29/2008,0.024875832,0.012928555,0.019081817
7/30/2008,-0.011938746,0.004564346,-0.001623407
7/31/2008,-0.009916294,-0.003225577,-0.010569301
8/1/2008,-0.006699985,-0.005346525,-0.006442938
8/4/2008,0.027647324,0.021893771,0.025243412
8/5/2008,0.010085019,0.009038539,0.005793382
8/6/2008,0.003254912,-0.007927337,-0.001567598
8/7/2008,0.006457606,0.005596753,0.002136011
8/8/2008,0.004353269,0.011435363,0.009582453
8/11/2008,-0.0111517,-0.003532964,-0.001317262
8/12/2008,-0.02204143,-0.016609551,-0.015520824
8/13/2008,0.020339228,0.004574808,0.008956429
8/14/2008,-0.005075681,-0.007934738,-0.007749118
8/15/2008,-0.000137407,-0.001165702,-0.000843294
8/18/2008,-0.0256138,-0.025441357,-0.02381564
8/19/2008,0.026010558,0.015836627,0.009660928
8/20/2008,0.00660712,-0.004295324,-0.000297852
8/21/2008,0.014683056,0.019285786,0.025213214
8/22/2008,-0.010983262,-0.005873728,-0.006339
8/26/2008,0.017217074,0.012235926,0.010492259
8/27/2008,0.013815313,0.012733677,0.01322335
8/28/2008,0.015140899,0.008889297,0.006320074
8/29/2008,-0.013244805,-0.013442704,-0.005996523
9/1/2008,0.001612404,0.005711908,0.003194831
9/2/2008,-0.026637769,-0.017507962,-0.021527568
9/3/2008,-0.036821995,-0.024745948,-0.025019547
9/4/2008,-0.015298891,-0.02769062,-0.022640383
9/5/2008,0.039762949,0.039220033,0.0392314
9/8/2008,-0.009366734,6.41E-05,-0.005636854
9/9/2008,-0.006069131,-0.012591956,-0.009121796
9/10/2008,-0.008070652,-0.011675273,-0.008907607
9/11/2008,0.011137103,0.018855575,0.018483002
9/12/2008,-0.02988844,-0.031688558,-0.039230528
9/15/2008,-0.029477838,-0.038751865,-0.034318435
9/16/2008,-0.02520263,-0.01762988,-0.022524674
9/17/2008,0.003450118,-0.009458884,-0.006595554
9/18/2008,0.089460257,0.086303295,0.088381148
9/19/2008,-0.012785622,-0.012420185,-0.014120837
9/22/2008,-0.028875617,-0.016141538,-0.019135649
9/23/2008,-0.009933328,-0.001826645,-0.00788536
9/24/2008,0.012186383,0.02555728,0.019899521
9/25/2008,-0.02933787,-0.024465484,-0.020877429
9/26/2008,-0.053538981,-0.052636571,-0.053001867
9/29/2008,0.024807344,0.019865387,0.01736947
9/30/2008,0.013035276,0.012674558,0.011647119
10/1/2008,-0.01101761,-0.021223587,-0.018005484
10/2/2008,0.03745279,0.012748762,0.022585878
10/3/2008,-0.077696035,-0.07500905,-0.078529406
10/6/2008,0.016773296,0.003664032,0.003486446
10/7/2008,-0.052174954,-0.049775629,-0.051789282
10/8/2008,-0.005846252,-0.010461255,-0.012114411
10/9/2008,-0.080452068,-0.091097216,-0.088483472
10/10/2008,0.083145376,0.075700548,0.082602172
10/13/2008,0.036486996,0.030159026,0.032253518
10/14/2008,-0.073290148,-0.077048946,-0.071594374
10/15/2008,-0.042755958,-0.049951425,-0.053485636
10/16/2008,0.03814714,0.050353732,0.052209043
10/17/2008,0.053776522,0.050502435,0.054073345
10/20/2008,-0.031595012,-0.013319025,-0.012375371
10/21/2008,-0.04668563,-0.04435849,-0.044636735
10/22/2008,0.014853863,0.005367897,0.011606325
10/23/2008,-0.038367955,-0.048233971,-0.050002446
10/24/2008,-0.000695133,-0.00429446,-0.007931194
10/27/2008,0.027939624,0.024394707,0.019155895
10/28/2008,0.090127762,0.080527475,0.080506316
10/29/2008,0.009074277,0.010981786,0.011573365
10/30/2008,0.020339376,0.020323193,0.019969242
10/31/2008,0.020546877,0.015972365,0.015077788
11/3/2008,0.044814516,0.053370736,0.04415637
11/4/2008,-0.030320987,-0.028550243,-0.023450803
11/5/2008,-0.073442237,-0.057622833,-0.057011058
11/6/2008,0.016677578,0.027377721,0.021674001
11/7/2008,0.007691975,0.006877954,0.008911798
11/10/2008,-0.038318523,-0.033770474,-0.035695633
11/11/2008,-0.005027095,-0.016169296,-0.015235359
11/12/2008,-0.005052833,-0.000564376,-0.003060736
11/13/2008,0.021271389,0.016921414,0.015302696
11/14/2008,-0.02859904,-0.024411132,-0.023812899
11/17/2008,0.012055493,0.022022553,0.01846474
11/18/2008,-0.043251949,-0.052099531,-0.048188191
11/19/2008,-0.034642637,-0.027974789,-0.032628504
11/20/2008,-0.036082064,-0.03085634,-0.024258065
11/21/2008,0.089851577,0.098116467,0.09838667
11/24/2008,-0.006548443,0.005517498,0.004406453
11/25/2008,-0.001772639,-0.000909721,-0.004459042
11/26/2008,0.024973046,0.016948438,0.017675247
11/27/2008,0.012179085,0.018433506,0.014647074
11/28/2008,-0.053079923,-0.050615593,-0.051888993
12/1/2008,0.023954085,0.00993209,0.014118805
12/2/2008,0.021301017,0.013182966,0.011423998
12/3/2008,0.000133065,-0.01160643,-0.001534772
12/4/2008,-0.012443146,-0.026027491,-0.027428187
12/5/2008,0.07148361,0.059869005,0.061910406
12/8/2008,0.020763974,0.020546163,0.018883282
12/9/2008,-0.003349819,-0.004776342,-0.003195399
12/10/2008,0.009376485,0.004272285,0.004900053
12/11/2008,-0.028244083,-0.02427192,-0.024677011
12/12/2008,0.003748944,-0.001796061,-0.000654144
12/15/2008,-0.00023972,0.00371716,0.007363942
12/16/2008,0.004668247,-0.00052379,0.003504212
12/17/2008,0.00379864,0.003361507,0.001503168
12/18/2008,-0.016850002,-0.009969332,-0.010113838
12/19/2008,-0.005969687,-0.009975395,-0.008794234
12/22/2008,0.005174794,0.007600783,0.001600301
12/23/2008,-0.0093398,-0.008469029,-0.009257519
12/24/2008,0.026120259,0.027590056,0.024379832
12/29/2008,0.012327685,0.016397216,0.01696995
12/30/2008,0.02075651,0.00313632,0.009447492
12/31/2008,0.028769665,0.025958732,0.028776329
1/2/2009,-0.002853243,0.008767942,0.003901969
1/5/2009,0.013441782,0.014193951,0.012948729
1/6/2009,-0.023456339,-0.029600056,-0.028325681
1/7/2009,0.002530644,0.001159904,-0.00046589
1/8/2009,-0.027987198,-0.018025197,-0.012629289
1/9/2009,0.007233662,-0.004735765,-0.005012926
1/12/2009,-0.003733017,-0.001610571,-0.006122633
1/13/2009,-0.056461877,-0.046554793,-0.049669251
1/14/2009,-0.018237588,-0.014133301,-0.014232407
1/15/2009,-0.000649262,0.005269288,0.006308995
1/16/2009,-0.024261999,-0.007632151,-0.009307709
1/19/2009,-0.007266158,-0.011918946,-0.004162103
1/20/2009,-0.006734338,0.001740583,-0.007699076
1/21/2009,-0.012484048,-0.000240942,-0.001896598
1/22/2009,-0.002723072,0.001027383,7.40E-05
1/23/2009,0.03927911,0.038510128,0.038618137
1/26/2009,-0.003860788,-0.003872006,-0.003468757
1/27/2009,0.018717539,0.018272119,0.024032043
1/28/2009,-0.018302492,-0.024104068,-0.024469175
1/29/2009,-0.014368609,-0.010278963,-0.00966564
1/30/2009,-0.019715625,-0.016902006,-0.017302873
2/2/2009,0.022451272,0.024974173,0.021261465
2/3/2009,0.01239508,0.015274029,0.015392004
2/4/2009,-0.00061713,-0.007876803,7.09E-05
2/5/2009,0.014963771,0.013442942,0.014897491
2/6/2009,0.0113941,0.003318012,0.003658054
2/9/2009,-0.013862064,-0.017893559,-0.02193797
2/10/2009,0.011971212,0.005693956,0.005031924
2/11/2009,-0.001490868,-0.001335717,-0.007580946
2/12/2009,0.000504819,-0.000168828,-0.002998429
2/13/2009,-0.02057187,-0.019465645,-0.013080008
2/16/2009,-0.032259394,-0.03214552,-0.024354261
2/17/2009,-0.01174319,-6.06E-05,-0.006767309
2/18/2009,-0.004503338,0.00310091,0.002895078
2/19/2009,-0.026921505,-0.029426042,-0.032176986
2/20/2009,-0.00426833,-0.012413259,-0.00987375
2/23/2009,0.008476675,-0.013621373,-0.008907471
2/24/2009,0.004616352,0.004914739,0.008542082
2/25/2009,0.019384604,0.015128383,0.017303196
2/26/2009,-0.014500503,-0.01862672,-0.021835734
2/27/2009,-0.044364389,-0.059199004,-0.053340644
3/2/2009,-0.030261449,-0.02888339,-0.031358597
3/3/2009,0.042616208,0.03703071,0.038096865
3/4/2009,-0.039178923,-0.030343939,-0.031816561
3/5/2009,0.009934281,-0.001956902,0.000226635
3/6/2009,0.008651221,-0.002050529,0.00331379
3/9/2009,0.042489671,0.04942286,0.048780488
3/10/2009,-6.38E-05,0.004249928,-0.005760121
3/11/2009,0.003475401,0.004503355,0.004954248
3/12/2009,0.016806014,0.008763791,0.011206595
3/13/2009,0.031932902,0.033599349,0.029384341
3/16/2009,-0.002120264,-0.009098664,-0.001785714
3/17/2009,-0.009468249,-0.011035055,-0.013507557
3/18/2009,0.011190415,0.009609917,0.003127464
3/19/2009,0.015135653,0.007810008,0.006811811
3/20/2009,0.016694507,0.02522701,0.028598194
3/23/2009,-0.015717362,-0.009725256,-0.01044829
3/24/2009,0.007535892,-0.000299979,-0.002863352
3/25/2009,0.022163938,0.007524319,0.006384124
3/26/2009,-0.005696401,-0.004950794,-0.006700296
3/27/2009,-0.035446521,-0.029503236,-0.034881633
3/30/2009,0.034429202,0.044022954,0.043370804
3/31/2009,0.005148261,0.007422308,0.007513818
4/1/2009,0.056867956,0.036907516,0.042825362
4/2/2009,-0.02440041,-0.01398537,-0.02310303
4/3/2009,-0.012059977,-0.006597049,-0.008983299
4/6/2009,-0.019443282,-0.017933493,-0.015775635
4/7/2009,-0.006812513,0.002821145,-0.001272103
4/8/2009,0.008695844,0.021651474,0.014826137
4/9/2009,0.00464036,-0.002403281,0.001330421
4/14/2009,-0.002273815,-0.00390076,-0.005164202
4/15/2009,0.008401638,0.024763946,0.021318415
4/16/2009,0.007507267,0.012157608,0.009819887
4/17/2009,-0.022592068,-0.021873615,-0.024897381
4/20/2009,-0.001709878,-0.001284749,-0.000851938
4/21/2009,0.018603613,0.005336948,0.010833856
4/22/2009,-0.00304405,-0.00044279,-0.003101198
4/23/2009,0.0365091,0.032847498,0.034293962
4/24/2009,-0.000684155,-0.002383145,0.002646776
4/27/2009,-0.01245412,-0.020304369,-0.016942645
4/28/2009,0.018516882,0.021455701,0.022751684
4/29/2009,0.023216069,0.015368383,0.012912927
4/30/2009,-0.005187551,0.001901606,-0.000117822
5/1/2009,0.033472783,0.029749286,0.022082391
5/5/2009,-0.003159787,0.010149168,0.013742535
5/6/2009,-0.008871266,-0.000312004,0.000500398
5/7/2009,0.032353968,0.022276444,0.014413349
5/8/2009,-0.009562665,0.002863836,-0.005961319
5/11/2009,-0.003025625,0.001173524,-0.002254537
5/12/2009,-0.022781593,-0.017100134,-0.021263134
5/13/2009,0.006105021,0.006912418,0.007203214
5/14/2009,0.009112055,0.000505369,-0.003323706
5/15/2009,0.030486115,0.026681748,0.022630574
5/18/2009,0.016437417,0.006104373,0.008051276
5/19/2009,-0.002220554,-0.005629355,-0.003101086
5/20/2009,-0.030647428,-0.030378605,-0.027504252
5/21/2009,-0.001054693,0.008463118,0.004556438
5/22/2009,0.012356976,0.012535796,0.010629281
5/26/2009,0.004988192,0.000619415,0.001020015
5/27/2009,-0.000986119,-0.00764938,-0.0064988
5/28/2009,0.009346594,0.007936338,0.006928775
5/29/2009,0.024415466,0.015218703,0.019986872
6/1/2009,0.004117281,-0.006648794,-0.006479961
6/2/2009,-0.026188558,-0.021968203,-0.020906857
6/3/2009,-0.010634386,0.00416417,0.000798467
6/4/2009,0.014042296,0.009342617,0.011785087
6/5/2009,-0.000201373,-0.005608008,-0.007524895
6/8/2009,0.002825931,0.00612896,-9.08E-05
6/9/2009,0.023071706,0.003680539,0.007264802
6/10/2009,-0.002091048,0.000479261,0.00565723
6/11/2009,-0.000201765,-0.007976998,-0.004459983
6/12/2009,-0.022648324,-0.022223306,-0.026114363
6/15/2009,0.003641505,0.000237107,0.000601017
6/16/2009,-0.007159836,-0.009241885,-0.011574181
6/17/2009,-0.001222962,-0.005786406,0.000560944
6/18/2009,0.021961794,0.019120423,0.015183723
6/19/2009,-0.025487856,-0.0209617,-0.025748407
6/22/2009,-4.80E-05,-0.005341233,-0.000944733
6/23/2009,0.011901791,0.003605205,0.011820331
6/24/2009,-0.008504174,-0.013008437,-0.006401869
6/25/2009,-0.001648649,-0.002723589,-0.002727743
6/26/2009,0.022168517,0.014049161,0.012497053
6/29/2009,-0.016760254,-0.004974982,-0.010433163
6/30/2009,0.031124792,0.025391118,0.021533465
7/1/2009,-0.024939128,-0.022605604,-0.024512175
7/2/2009,0.005125396,-0.001152294,0.000472333
7/3/2009,-0.011165693,-0.006191126,-0.009772679
7/6/2009,-0.014495401,-0.005968622,-0.001883239
7/7/2009,-0.008556065,-0.017949729,-0.011177454
7/8/2009,0.016459505,0.003250647,0.004468383
7/9/2009,0.002880521,-0.009990606,-0.007574482
7/10/2009,0.020332906,0.017849348,0.018147897
7/13/2009,0.008946411,0.017076147,0.008471954
7/14/2009,0.02886492,0.027709672,0.025674304
7/15/2009,-0.005539955,0.001257464,0.003520074
7/16/2009,-0.005347201,0.007276094,0.006190105
7/17/2009,0.021485768,0.014081752,0.012486329
7/20/2009,0.001007941,0.009639563,0.008461608
7/21/2009,-0.001595182,0.001760196,0.002789431
7/22/2009,0.01186147,0.015085058,0.014709482
7/23/2009,-3.96E-05,0.001585985,0.003684372
7/24/2009,0.013469117,0.003687619,0.002075777
7/27/2009,-0.014142514,-0.015872172,-0.012494276
7/28/2009,0.014974691,0.005060135,0.004129129
7/29/2009,0.016293533,0.021255267,0.018493678
7/30/2009,-0.020040541,-0.007320375,-0.005009068
7/31/2009,0.019695416,0.021276942,0.016079333
8/3/2009,0.001485599,0.002115065,-0.002370529
8/4/2009,-0.013863381,0.001784462,-0.005201867
8/5/2009,0.012605654,0.008840311,0.009339158
8/6/2009,0.0097188,0.006335463,0.008762392
8/7/2009,-0.007855634,-0.002262854,-0.001986643
8/10/2009,-0.010373359,-0.016232704,-0.010778874
8/11/2009,0.016072632,0.005543844,0.009740329
8/12/2009,0.009419371,0.008961999,0.008204715
8/13/2009,-0.005786809,-0.010196036,-0.008726737
8/14/2009,-0.025936985,-0.01235787,-0.014637251
8/17/2009,0.012648736,0.006277628,0.008783638
8/18/2009,-0.008979542,0.002721263,0.000832302
8/19/2009,0.020771368,0.014991105,0.014265305
8/20/2009,0.021757455,0.018823155,0.019825085
8/21/2009,0.015196237,0.006172246,0.009338473
8/24/2009,0.005106682,-0.001085585,0.004207344
8/25/2009,-8.90E-05,-0.006886824,-0.005328669
8/26/2009,-0.006253647,-0.007231768,-0.004334846
8/27/2009,0.006428046,0.011025612,0.008111882
8/28/2009,-0.0063975,-0.022126507,-0.018171077
9/1/2009,0.00702278,0.002212483,-0.00045646
9/2/2009,-0.006039011,-0.009754969,-0.004296834
9/3/2009,0.012997805,0.01361788,0.01144513
9/4/2009,0.023961523,0.017730029,0.016798236
9/7/2009,0.016063084,0.00070261,0.002858185
9/8/2009,0.019684053,0.015802967,0.011521436
9/9/2009,-0.009433295,-0.000901054,-0.003317147
9/10/2009,0.016426332,0.010026071,0.004771738
9/11/2009,-0.013476775,-0.00490021,0.001476604
9/14/2009,0.010100798,0.009538205,0.004622527
9/15/2009,0.024537508,0.023665009,0.016263065
9/16/2009,0.015628928,0.005854167,0.007786733
9/17/2009,0.006892694,-0.000884777,0.00172347
9/18/2009,-0.007035405,-0.009307838,-0.007442634
9/21/2009,0.002284304,0.000425075,0.001597071
9/22/2009,0.00156266,-0.001750473,-0.000622253
9/23/2009,-0.00915045,-0.012819233,-0.011693972
9/24/2009,-0.00234086,0.005622552,0.000570945
9/25/2009,0.013375117,0.01257813,0.016429893
9/28/2009,0.003068668,-0.007883352,-0.001161508
9/29/2009,-0.006768538,-0.010455564,-0.005000291
9/30/2009,-0.018774946,-0.021018047,-0.016770876
10/1/2009,-0.010205118,-0.009001858,-0.011708071
10/2/2009,-0.001632461,0.000378671,0.007136128
10/5/2009,0.024738467,0.027323929,0.022630018
10/6/2009,-0.017033841,-0.008535809,-0.005663682
10/7/2009,0.016697891,0.009776482,0.008945174
10/8/2009,0.005796195,-0.002330239,0.001416211
10/9/2009,0.014183439,0.009846642,0.00935702
10/12/2009,-0.007268867,-0.011594408,-0.010767341
10/13/2009,0.025659558,0.024478052,0.01979007
10/14/2009,-0.001169434,-0.006818532,-0.006297445
10/15/2009,-0.020115365,0.000235967,-0.006279916
10/16/2009,0.012599202,0.019354164,0.017590844
10/19/2009,-0.006388697,-0.003909348,-0.00721386
10/20/2009,0.003056969,0.000575402,0.002765381
10/21/2009,-0.022188656,-0.015614123,-0.009604595
10/22/2009,0.000826955,0.004476485,0.006759611
10/23/2009,-0.010933685,-0.009920694,-0.009708923
10/26/2009,-0.014367569,0.000683791,0.001791321
10/27/2009,-0.025467464,-0.024271449,-0.023187848
10/28/2009,0.001727618,0.014290236,0.011278639
10/29/2009,-0.019756521,-0.019422584,-0.018140413
10/30/2009,0.015503458,0.006082261,0.011894142
11/2/2009,-0.008964189,-0.012866371,-0.013184445
11/3/2009,0.007560811,0.008597798,0.014035575
11/4/2009,-0.01487296,-0.003602596,0.003465221
11/5/2009,0.010167965,0.007504437,0.003336195
11/6/2009,0.015577747,0.018183929,0.017986661
11/9/2009,0.009871201,0.0015341,-0.000897769
11/10/2009,0.002413407,0.009594982,0.006940063
11/11/2009,-0.001776596,-0.000634526,0.001841726
11/12/2009,0.013109196,0.003881831,0.003771439
11/13/2009,-0.001575636,0.010640737,0.016294087
11/16/2009,-0.00912321,-0.001264145,-0.006836718
11/17/2009,0.00927873,5.23E-05,-0.000710825
11/18/2009,-0.016653684,-0.010011118,-0.013927107
11/19/2009,-0.002677763,-0.004190823,-0.00309433
11/20/2009,0.015851374,0.021431925,0.019823285
11/23/2009,-0.006411777,-0.00723953,-0.005881804
11/24/2009,0.017789532,0.010332403,0.007663411
11/25/2009,-0.039974539,-0.033834387,-0.031818521
11/26/2009,0.022397347,0.013728987,0.009934349
11/27/2009,-0.010418837,-0.013986773,-0.010484778
11/30/2009,0.021669389,0.025552548,0.023407248
12/1/2009,0.009465248,-0.003513307,0.002861338
12/2/2009,-0.005102654,0.005477003,-0.002703007
12/3/2009,-0.001815462,0.003189249,0.001769245
12/4/2009,-0.011375347,-0.002626848,-0.002198256
12/7/2009,-0.016213856,-0.015484867,-0.016495001
12/8/2009,-0.018643624,-0.003497756,-0.003675978
12/9/2009,0.001811149,0.006490103,0.007782625
12/10/2009,-0.008818684,0.011479148,0.003279689
12/11/2009,0.018739548,0.013172337,0.010206021
12/14/2009,-0.003208477,-0.006674153,-0.005550016
12/15/2009,0.000499528,0.005860222,0.006526921
12/16/2009,-0.014953997,-0.01965202,-0.019303423
12/17/2009,0.000792361,-0.007004897,-0.003986507
12/18/2009,0.024206363,0.015512993,0.018703818
12/21/2009,0.022367038,0.006128106,0.00655459
12/22/2009,0.005233437,0.004601553,0.008200875
12/23/2009,0.00495801,0.00905447,0.005584096
12/24/2009,-5.35E-05,-0.000815227,0.006515623
12/29/2009,-0.005106552,-0.008739016,-0.007301015
12/30/2009,-0.000721438,0.00168787,0.002778858
12/31/2009,0.016844697,0.015130722,0.016146613
1/4/2010,0.01303731,-1.55E-05,0.004036143
1/5/2010,0.005901476,0.003971611,0.001358081
1/6/2010,0.002922804,-0.005598884,-0.000596745
1/7/2010,-0.007540185,-0.003270842,0.001357049
1/8/2010,0.005995291,0.001968696,0.000704709
1/11/2010,-0.01686253,-0.007953345,-0.007114353
1/12/2010,-0.006607479,-0.015538704,-0.004582901
1/13/2010,-0.008467451,0.003714523,0.004512652
1/14/2010,-0.013095696,-0.01204781,-0.007784366
1/15/2010,0.016853451,0.012683128,0.00714888
1/18/2010,-0.003143018,0.005937254,0.003403465
1/19/2010,-0.018752986,-0.020694509,-0.016741942
1/20/2010,-0.007997272,-0.010941452,-0.015809475
1/21/2010,0.002763986,-0.007582765,-0.006016757
1/22/2010,-0.007980797,-0.015660755,-0.008052046
1/25/2010,0.01353185,0.009476172,0.003155714
1/26/2010,-0.009758855,-0.010107444,-0.011256609
1/27/2010,-0.013905639,-0.016414556,-0.01376138
1/28/2010,-0.001092901,0.004758751,0.008317624
1/29/2010,0.013827022,0.012242733,0.011352029
2/1/2010,0.002167732,0.002571909,0.006841483
2/2/2010,0.006515891,-0.002559583,-0.005716124
2/3/2010,-0.024289338,-0.02546242,-0.021663399
2/4/2010,-0.020700545,-0.019914055,-0.015254996
2/5/2010,0.001824129,0.005960425,0.00620443
2/8/2010,-0.000617822,-0.000934909,0.003829311
2/9/2010,0.009304478,-0.00083016,0.003951641
2/10/2010,0.017852077,0.00697062,0.005748246
2/11/2010,-0.008374558,-0.00399175,-0.0036811
2/12/2010,0.015396138,-0.002963062,0.004861449
2/15/2010,0.009045815,0.014817053,0.014823416
2/16/2010,0.00508704,0.006345476,0.006197441
2/17/2010,0.006752792,0.009864084,0.009191525
2/18/2010,0.023081258,0.00977378,0.006215846
2/19/2010,0.00954863,-4.28E-05,-0.001138442
2/22/2010,-0.004073724,-0.000637217,-0.006913174
2/23/2010,0.008958344,0.00740829,0.005230381
2/24/2010,-0.019504003,-0.009708682,-0.012109529
2/25/2010,0.027272296,0.016135224,0.014455686
2/26/2010,0.011422118,0.009777811,0.009599402
3/1/2010,0.01884863,0.009636065,0.014465676
3/2/2010,0.008636295,0.008886092,0.008953155
3/3/2010,-0.000427326,0.002540622,-0.001084363
3/4/2010,0.011078761,0.022578202,0.013135041
3/5/2010,-0.002607365,-0.000109932,0.001232187
3/8/2010,0.000304631,-0.004314818,-0.000784775
3/9/2010,0.030543856,0.003113383,0.006836478
3/10/2010,0.009136478,-0.002977799,-0.004130766
3/11/2010,0.006750963,-0.001193117,0.001477578
3/12/2010,-0.000294779,-0.010817718,-0.005634954
3/15/2010,0.006420594,0.007977214,0.004737303
3/16/2010,0.01223304,0.00523774,0.004305743
3/17/2010,-0.010647996,0.006597589,-0.000354321
3/18/2010,-0.001531766,0.002555943,0.001329174
3/19/2010,-0.015480862,-0.001850912,-0.000991133
3/22/2010,0.011378693,0.00909489,0.005155461
3/23/2010,0.005331541,0.003646808,0.000757896
3/24/2010,0.004564489,0.011843453,0.008753236
3/25/2010,-0.01362678,-0.00512299,-0.004294993
3/26/2010,0.005870204,0.007172904,0.001350167
3/29/2010,-0.006669855,-0.007465803,-0.006724219
3/30/2010,0.003525999,0.008570965,0.001286956
3/31/2010,-0.008345179,0.012105922,0.011497289
4/1/2010,0.001317207,0.003804469,0.006179394
4/6/2010,0.003993415,-0.006187362,-0.003165871
4/7/2010,-0.009896712,-0.007059364,-0.008573263
4/8/2010,0.020110375,0.007646354,0.010205332
4/9/2010,-0.002971932,0.007942994,0.001143649
4/12/2010,-0.004768142,0.000107199,-0.002752008
4/13/2010,0.00938677,0.004107612,0.006005172
4/14/2010,0.004312055,0.007653305,0.004951435
4/15/2010,-0.023543582,-0.017640627,-0.013905579
4/16/2010,-0.007450554,0.00195065,-0.002802925
4/19/2010,0.011112843,0.008140193,0.00974179
4/20/2010,-0.001164556,-0.015412759,-0.010425852
4/21/2010,-0.007943811,-0.008746307,-0.010151309
4/22/2010,0.009079571,0.011049368,0.010290717
4/23/2010,0.003685162,0.001163037,0.005293871
4/26/2010,-0.020042672,-0.024208012,-0.026138793
4/27/2010,0.000547295,0.001733086,-0.003015972
4/28/2010,0.010813278,0.003709301,0.005584792
4/29/2010,-0.010797953,-0.012057738,-0.011481363
4/30/2010,-0.02962987,-0.034386613,-0.025606396
5/4/2010,-0.01753829,-0.013907352,-0.012788527
5/5/2010,-0.01198737,-0.014312636,-0.015144424
5/6/2010,-0.022122638,-0.017798024,-0.026230755
5/7/2010,0.038096197,0.04956764,0.051610385
5/10/2010,-0.004458615,-0.005600852,-0.009874893
5/11/2010,-0.001426599,0.013508099,0.009242248
5/12/2010,0.011694064,0.012373137,0.009324789
5/13/2010,-0.041335347,-0.028090103,-0.031433462
5/14/2010,0.001734608,0.000429832,-7.60E-05
5/17/2010,0.011558536,0.006869845,0.008513064
5/18/2010,-0.016443881,-0.028380366,-0.028112223
5/19/2010,-0.010489534,-0.027985167,-0.016478936
5/20/2010,-0.001278226,-0.00134404,-0.002010605
5/21/2010,0.005178891,0.000470306,0.001323352
5/24/2010,-0.032831997,-0.028533262,-0.025426069
5/25/2010,0.038682207,0.022263166,0.019713806
5/26/2010,0.03114092,0.024435661,0.03118239
5/27/2010,-0.008717473,0.00329862,-0.001308901
5/28/2010,-0.000849652,-0.004098364,-0.004837715
6/1/2010,-0.009963207,-0.00821291,-0.002324095
6/2/2010,0.014122857,0.008464836,0.011628133
6/3/2010,-0.019515945,-0.023512879,-0.016349401
6/4/2010,0.00322498,-0.012769851,-0.011100273
6/7/2010,0.001771991,-0.007365989,-0.008088221
6/8/2010,0.022227019,0.009573056,0.011495396
6/9/2010,0.005995292,0.010632268,0.009162587
6/10/2010,0.00443078,-0.001644163,0.006078909
6/11/2010,0.00042837,0.003815019,0.007436528
6/14/2010,4.78E-05,0.003512921,0.003018012
6/15/2010,0.003423278,0.003353378,0.003852198
6/16/2010,6.02E-05,0.005731145,0.003054659
6/17/2010,-0.000621887,0.001446428,-0.000590038
6/18/2010,0.009303901,0.003166443,0.009198598
6/21/2010,-0.006448771,-0.001100765,-0.009831858
6/22/2010,-0.014676313,-0.014275482,-0.013055079
6/23/2010,-0.009023785,-0.013394135,-0.015120209
6/24/2010,-0.012105833,-0.01005565,-0.010528999
6/25/2010,0.003485853,0.001848609,0.00499356
6/28/2010,-0.030724297,-0.027147201,-0.031054676
6/29/2010,-0.002079239,0.001605357,0.000549428
6/30/2010,-0.032864947,-0.022268096,-0.022595538
7/1/2010,-0.009411598,0.010608094,0.006721045
7/2/2010,0.001214443,-0.0108805,-0.003017714
7/5/2010,0.025916623,0.028068133,0.029335545
7/6/2010,0.013869283,0.001001389,0.010030211
7/7/2010,0.02281563,0.011713126,0.018086464
7/8/2010,0.014519181,0.004761617,0.005366761
7/9/2010,0.012746232,0.00269605,0.006643418
7/12/2010,0.017230509,0.027159602,0.020127734
7/13/2010,-0.003091216,-0.006353669,-0.003320053
7/14/2010,-0.003903465,-0.009040887,-0.00803274
7/15/2010,-0.013173795,-0.009037034,-0.010055073
7/16/2010,-0.001048535,-0.001711697,-0.002054702
7/19/2010,-0.003771763,0.002673374,-0.001709302
7/20/2010,0.023427717,0.007548366,0.014612316
7/21/2010,0.021004129,0.017732976,0.019023511
7/22/2010,-0.013505855,-0.001624642,-0.000225827
7/23/2010,0.006955202,0.009958099,0.007246922
7/26/2010,0.007812678,-0.000267524,0.002728411
7/27/2010,-0.010661423,-0.006017922,-0.008572973
7/28/2010,0.000596475,-0.001976955,-0.001071489
7/29/2010,-0.008130196,-0.011146485,-0.010538201
7/30/2010,0.025972494,0.030141472,0.026454926
8/2/2010,-0.005080787,-0.006021062,-0.000111171
8/3/2010,-0.001115695,-0.000293135,-0.001908644
8/4/2010,-0.004586405,-0.004421331,-0.003787457
8/5/2010,-0.011546987,-0.008724662,-0.006224608
8/6/2010,0.013413338,0.013653942,0.014646313
8/9/2010,-0.010893706,-0.004409606,-0.00630256
8/10/2010,-0.030082375,-0.031772377,-0.024402946
8/11/2010,0.01482628,-0.000180401,0.003984595
8/12/2010,0.004240563,0.002144592,0.001766013
8/13/2010,-0.007425894,0.00208191,0.000132691
8/16/2010,0.020965121,0.017622228,0.014101325
8/17/2010,-0.012352388,-0.007472565,-0.008896365
8/18/2010,-0.017931826,-0.0205654,-0.017273567
8/19/2010,0.010372701,-0.001160787,-0.003070251
8/20/2010,0.015553972,0.004287767,0.007603026
8/23/2010,-0.010837985,-0.008095345,-0.015053106
8/24/2010,-0.018150343,-0.011321925,-0.009038014
8/25/2010,0.025668118,0.010642168,0.009081301
8/26/2010,0.011213749,0.015460776,0.0088832
8/27/2010,0.003316915,0.006112425,0.004537066
8/31/2010,0.040623295,0.022762826,0.027022889
9/1/2010,-0.002385799,0.005493832,0.000857185
9/2/2010,0.010875525,0.012692708,0.010631167
9/3/2010,0.016943166,0.0047509,0.002044914
9/6/2010,0.004053821,-0.006935529,-0.005772908
9/7/2010,0.0176063,0.013751015,0.004049706
9/8/2010,0.0148853,0.015179521,0.011879109
9/9/2010,0.004518234,0.00543776,0.001346875
9/10/2010,0.007249029,0.019459706,0.011614803
9/13/2010,-0.00617937,0.002929712,0.000341389
9/14/2010,0.014143596,0.001452917,-0.002119481
9/15/2010,-0.008341924,-0.009293231,-0.002789978
9/16/2010,-0.001743093,-0.007530834,-0.005703868
9/17/2010,0.020964731,0.012898455,0.017064537
9/20/2010,-0.007930888,-0.001025273,-0.004694333
9/21/2010,-0.000129476,-0.011063165,-0.004357806
9/22/2010,0.008275738,0.000568629,-0.000864569
9/23/2010,0.011248391,0.012245494,0.009266103
9/24/2010,-0.013232861,-0.001686291,-0.004483344
9/27/2010,-0.005104337,0.000533683,0.000897118
9/28/2010,-0.002601862,-0.003784792,-0.001631292
9/29/2010,-0.005515954,-0.00314615,-0.003716805
9/30/2010,0.014116707,0.016971295,0.007983996
10/1/2010,-0.007800779,-0.001527627,-0.006597651
10/4/2010,0.013286727,0.011512899,0.014362851
10/5/2010,0.009095831,0.002746051,0.008091132
10/6/2010,-0.003885793,-0.001429834,-0.00339705
10/7/2010,0.007516475,0.001851076,-0.000794758
10/8/2010,0.000179612,0.004529005,0.00261595
10/11/2010,0.015243129,-0.000617705,-0.001903956
10/12/2010,0.015340139,0.014622818,0.015154727
10/13/2010,0.004258955,-0.003617397,-0.003514633
10/14/2010,-0.002226456,-0.009101394,-0.004155608
10/15/2010,0.012567255,0.005212705,0.00685556
10/18/2010,-0.013285774,-0.005578801,-0.006721811
10/19/2010,0.007385202,0.001343967,0.004382966
10/20/2010,-0.003905097,0.003958586,0.005062054
10/21/2010,-0.004420381,-0.005712934,-0.002865628
10/22/2010,0.014941509,0.007827525,0.00184624
10/25/2010,-0.003552961,-0.007803075,-0.00777121
10/26/2010,-0.017727473,-0.011918712,-0.01074063
10/27/2010,0.002071486,-0.003044797,0.005650018
10/28/2010,0.008773873,-0.003337138,-0.000475528
10/29/2010,0.002084285,0.000811736,0.003418382
11/1/2010,0.017898062,0.010860881,0.011027991
11/2/2010,0.010927907,-0.006847541,-0.001458992
11/3/2010,0.014413018,0.019223349,0.019794747
11/4/2010,0.009085564,0.004771713,0.002149144
11/5/2010,-0.001779155,-0.007512158,-0.00432311
11/8/2010,0.014520122,0.005650011,0.004307692
11/9/2010,-0.023882469,-0.009965777,-0.009923066
11/10/2010,-0.004271868,-0.00141618,-0.000292252
11/11/2010,-0.003346712,-0.011541606,-0.003146925
11/12/2010,-0.003914321,-0.001026919,0.004053891
11/15/2010,-0.03116728,-0.026056254,-0.023795615
11/16/2010,-0.004298211,0.005870774,0.001883173
11/17/2010,0.001768225,0.015484368,0.013368232
11/18/2010,-0.009445932,-0.009476135,-0.006223239
11/19/2010,-0.006903947,-0.00906423,-0.009070611
11/22/2010,-0.02033311,-0.015743837,-0.017515139
11/23/2010,0.009931612,0.009688941,0.013581065
11/24/2010,0.012585287,0.002633019,0.007388945
11/25/2010,0.008042036,-0.008003629,-0.005299268
11/26/2010,-0.01423479,-0.021151177,-0.020763138
11/29/2010,-0.004826364,-0.00467569,-0.004089353
11/30/2010,0.028129419,0.020882774,0.020657345
12/1/2010,0.017486225,0.020893048,0.022171023
12/2/2010,-0.005747289,-0.005915873,-0.003866426
12/3/2010,0.000625038,0.006150052,0.004351383
12/6/2010,-0.004790366,0.004971437,0.006620106
12/7/2010,0.002465791,-0.006435285,-0.002410261
12/8/2010,0.003376363,0.002639546,0.002329795
12/9/2010,0.009470153,0.003231017,0.000860882
12/10/2010,0.015231337,0.007259363,0.008222949
12/13/2010,0.005930476,0.005360299,0.005187005
12/14/2010,-0.003792085,0.000169483,-0.001527702
12/15/2010,0.008132617,0.000824132,-0.000187005
12/16/2010,-0.005371111,-0.007606771,-0.001581337
12/17/2010,0.013536111,0.001833238,0.003372049
12/20/2010,0.008006541,0.017628709,0.010217937
12/21/2010,-0.005432643,-0.000267601,0.00532612
12/22/2010,0.00366872,-0.001208619,0.002105791
12/23/2010,0.000279338,0.00317235,0.002134721
12/24/2010,-0.006829658,-0.010000655,-0.002080248
12/29/2010,0.003545068,-0.000315889,-0.004235875
12/30/2010,-0.025942351,-0.012831402,-0.011907553
12/31/2010,0.015027461,0.016710112,0.019322361
1/4/2011,0.012734193,0.001125298,0.004988443
1/5/2011,-0.001283513,-0.005852445,-0.004037128
1/6/2011,-0.009661576,-0.010642148,-0.005847662
1/7/2011,-0.005303184,-0.008875653,-0.00467891
1/10/2011,0.010303918,0.014394345,0.009687222
1/11/2011,0.000908514,0.006744702,0.006102428
1/12/2011,0.008629852,-0.003394905,-0.00442924
1/13/2011,-0.011047993,-0.002706071,-0.003618918
1/14/2011,0.008181285,0.000333428,-0.002732377
1/17/2011,0.010299338,0.013705424,0.011811484
1/18/2011,0.002177205,-0.014449709,-0.013159633
1/19/2011,-0.027919862,-0.011085756,-0.018204026
1/20/2011,-0.001790582,-0.007258103,0.004839892
1/21/2011,0.005550891,0.008940996,0.008072859
1/24/2011,-0.008565135,-0.007353608,-0.00440788
1/25/2011,0.01613586,0.0098126,0.008702705
1/26/2011,0.000249374,0.005385758,-0.000686859
1/27/2011,-0.009684519,-0.008149861,-0.014031617
1/28/2011,0.000557735,-0.005970761,-0.00314551
1/31/2011,0.009318248,0.019938202,0.016186529
2/1/2011,0.012335737,0.008795482,0.007099936
2/2/2011,-0.001416864,-0.002188125,-0.002799953
2/3/2011,-0.003548851,0.009807263,0.002356559
2/4/2011,0.015078671,0.012146949,0.008937206
2/7/2011,-0.001878199,0.007427017,0.006660056
2/8/2011,-0.00750838,-0.009141457,-0.006402574
2/9/2011,-0.005157322,-0.010295242,-0.005336814
2/10/2011,0.002986069,0.006485574,0.007126246
2/11/2011,0.016077417,-0.000434138,-0.000461825
2/14/2011,0.003988346,-0.002373515,-0.003795317
2/15/2011,0.013755662,0.000210598,0.007983966
2/16/2011,-0.012498333,-0.00293645,0.000345094
2/17/2011,-0.005501096,-0.004244515,-0.000722804
2/18/2011,-0.022757996,-0.007277821,-0.011211573
2/21/2011,-0.004935616,-0.004573227,-0.002992618
2/22/2011,-0.007584705,-0.009727967,-0.012223186
2/23/2011,-0.003987998,-0.002128665,-0.000590867
2/24/2011,0.018063258,0.013174078,0.013716216
2/25/2011,-0.0062113,-0.00064749,-0.00119976
2/28/2011,-0.002326288,-0.003539063,-0.00970971
3/1/2011,-0.015800315,-0.008230679,-0.003521008
3/2/2011,0.023729054,0.014378214,0.015249624
3/3/2011,-0.000254009,0.000257593,-0.002447919
3/4/2011,0.000973263,0.009118645,-0.0027711
3/7/2011,0.011769838,-0.00451077,0.000167398
3/8/2011,-0.01644675,-0.007355081,-0.006276361
3/9/2011,-0.010969403,-0.014175694,-0.015495259
3/10/2011,0.000197544,-0.002384898,-0.002839888
3/11/2011,-0.019300782,-0.009749886,-0.009178719
3/14/2011,-0.011777478,-0.00518424,-0.013835019
3/15/2011,-0.026779443,-0.01391031,-0.017049146
3/16/2011,0.015925558,0.01081922,0.017487764
3/17/2011,0.008241011,0.007738159,0.003862292
3/18/2011,0.027499911,0.016228566,0.011892062
3/21/2011,-0.00032775,-0.003887621,-0.004044175
3/22/2011,0.014943796,0.008632081,0.005761188
3/23/2011,0.005350989,0.011550919,0.014665539
3/24/2011,0.01272303,-0.001134722,0.003383836
3/25/2011,-0.010573962,0.000496429,0.000627034
3/28/2011,0.007033344,0.007959136,0.004691337
3/29/2011,0.010226904,-0.002297677,0.002714002
3/30/2011,-0.003518351,-0.00442723,-0.006640553
3/31/2011,0.007345167,0.021181136,0.017110073
4/1/2011,-0.004869943,0.003127082,0.001181384
4/4/2011,0.01174608,-0.012580149,-0.001645338
4/5/2011,0.00566078,0.002554836,0.005659969
4/6/2011,-0.013248998,-0.004140569,-0.005578454
4/7/2011,0.006196215,0.00843401,0.00805673
4/8/2011,0.0031621,-0.000489556,-0.000396314
4/11/2011,0.001290677,-0.015618067,-0.014685962
4/12/2011,0.017957265,0.005012099,0.007695532
4/13/2011,-0.010987415,-0.015811562,-0.007753228
4/14/2011,0.011671318,0.001489077,0.005399242
4/15/2011,-0.02739529,-0.019438334,-0.020997332
4/18/2011,0.016205479,0.00184969,0.00456551
4/19/2011,0.025563073,0.025999736,0.021265411
4/20/2011,-0.003278261,-0.001723405,-0.000664198
4/21/2011,0.009116599,0.002790863,0.00849077
4/26/2011,-0.01009575,-0.001478325,-0.000197713
4/27/2011,-0.005505801,-0.00080607,0.000280149
4/28/2011,0.009689242,0.000161849,0.002141716
5/3/2011,-0.016347807,-0.012653971,-0.016242253
5/4/2011,-0.011875289,-0.002826328,-0.010711719
5/5/2011,0.003186977,0.01306059,0.009594595
5/6/2011,-0.006261222,-0.006251591,-0.005705394
5/9/2011,0.032030934,0.01173562,0.012822454
5/10/2011,-0.007826041,-0.001079857,-0.007127548
5/11/2011,-0.011763935,-0.008420942,-0.005187416
5/12/2011,0.007784105,-0.002941787,-0.003212784
5/13/2011,0.003323569,-0.002720379,-0.000371252
5/16/2011,-0.017753867,-0.00674089,-0.010584601
5/17/2011,0.015663104,0.016109639,0.010663709
5/18/2011,-0.005884264,0.003449716,0.005486621
5/19/2011,0.00106208,0.002188564,-0.001259234
5/20/2011,-0.017629083,-0.014765512,-0.018929142
5/23/2011,0.00479369,0.008333244,0.003855446
5/24/2011,0.004638985,-0.001619735,0.001997132
5/25/2011,-0.002535919,0.003339145,0.001856868
5/26/2011,0.01078156,0.011841664,0.009845264
5/27/2011,0.002441954,0.01267687,0.008604287
5/31/2011,-0.012827453,-0.014756873,-0.010250417
6/1/2011,-0.006262859,-0.014742976,-0.013611983
6/2/2011,0.007344892,0.000218779,0.001214111
6/3/2011,0.00059799,-0.003189276,0.001400512
6/6/2011,-0.001263002,-0.002881193,0.000238777
6/7/2011,0.003037039,-0.012180842,-0.009497664
6/8/2011,0.005081533,0.004431468,0.008159893
6/9/2011,-0.013170745,-0.017444015,-0.015453443
6/10/2011,-0.003341349,0.004204049,0.001335461
6/13/2011,-0.00621272,0.000973332,0.005126873
6/14/2011,-0.012192517,-0.018013138,-0.010442694
6/15/2011,-0.018812884,-0.011748311,-0.007609926
6/16/2011,0.000302031,0.002674771,0.002825156
6/17/2011,-0.007174492,0.000114269,-0.003762096
6/20/2011,0.01838137,0.017893778,0.014385077
6/21/2011,0.002455047,-0.002854607,-0.000398248
6/22/2011,-0.019283327,-0.023272605,-0.017079508
6/23/2011,-0.000221767,0.005519385,0.004106161
6/24/2011,-0.008738358,0.000797875,0.004317532
6/27/2011,0.005179834,0.014686401,0.007794069
6/28/2011,0.019282332,0.014669762,0.015450242
6/29/2011,0.027521717,0.018447693,0.015317623
6/30/2011,0.025122133,-0.00233769,0.007417125
7/1/2011,-0.004225579,0.008610627,0.004624528
7/4/2011,-0.011250619,-8.98E-05,0.001080183
7/5/2011,0.006471413,-0.005781591,-0.003502656
7/6/2011,0.014677894,0.007993058,0.008595845
7/7/2011,-0.008194573,-0.014202711,-0.010554133
7/8/2011,-0.013111736,-0.019252808,-0.010249391
7/11/2011,-0.011319462,-0.001573936,-0.01015314
7/12/2011,0.006705812,0.00305336,0.006372465
7/13/2011,-0.015916766,-0.003410571,-0.010056887
7/14/2011,0.009700135,-0.001290953,-0.000564392
7/15/2011,-0.012360779,-0.012890002,-0.015555213
7/18/2011,-0.006941797,0.010032905,0.006466416
7/19/2011,0.013194654,0.007887759,0.011018998
7/20/2011,0.002218861,0.017555935,0.007875226
7/21/2011,-0.003057643,-0.001104399,0.005949253
7/22/2011,0.004284427,-0.000528435,-0.001634372
7/25/2011,0.006007531,0.003422295,0.000742578
7/26/2011,-0.008966329,-0.007450265,-0.012327774
7/27/2011,-0.005048248,0.004354727,0.002834409
7/28/2011,-0.00407834,-0.004990022,-0.009875366
7/29/2011,0.006406069,-0.005093156,-0.007016096
8/1/2011,0.007066168,-0.015454251,-0.009697977
8/2/2011,-0.031662455,-0.020324948,-0.023415641
8/3/2011,-0.037609825,-0.033931446,-0.034273435
8/4/2011,-0.034461718,-0.027538627,-0.027090171
8/5/2011,-0.032940225,-0.028659917,-0.033924147
8/8/2011,0.012756874,0.017512282,0.018918919
8/9/2011,-0.03590273,-0.035084463,-0.030533021
8/10/2011,0.027697914,0.02934226,0.031075252
8/11/2011,0.028544219,0.022633638,0.030448594
8/12/2011,0.003797429,0.007873716,0.00575188
8/15/2011,0.002975745,0.000468996,0.001308264
8/16/2011,-0.011134504,-0.010817786,-0.004852919
8/17/2011,-0.044571939,-0.040799885,-0.044902093
8/18/2011,-0.008942613,-0.005046384,-0.010093869
8/19/2011,0.009188518,0.006245121,0.010811776
8/22/2011,0.001476804,0.004644292,0.006692442
8/23/2011,0.015486023,0.017163682,0.014914025
8/24/2011,-0.021380096,-0.021343685,-0.014368313
8/25/2011,0.006679718,-0.002599112,-0.000233868
8/26/2011,0.030933187,0.03722907,0.027057058
8/30/2011,0.038020555,0.026961057,0.023876858
8/31/2011,0.004608561,0.003769924,0.004467513
9/1/2011,-0.021003984,-0.022161157,-0.023363969
9/2/2011,-0.028202285,-0.039901064,-0.035789872
9/5/2011,0.012067297,0.007925905,0.010622036
9/6/2011,0.027983527,0.032664498,0.031376047
9/7/2011,0.011267649,0.004611756,0.004098823
9/8/2011,-0.023705984,-0.028432388,-0.023556288
9/9/2011,-0.029959083,-0.020320471,-0.016300387
9/12/2011,0.01532761,0.00708459,0.00871413
9/13/2011,0.007191274,0.014734229,0.010184953
9/14/2011,0.016269666,0.022698717,0.021140233
9/15/2011,0.012389908,0.00940384,0.005789227
9/16/2011,-0.015289884,-0.023259477,-0.020266746
9/19/2011,0.021648961,0.014424534,0.01979238
9/20/2011,-0.011935539,-0.013782569,-0.014038816
9/21/2011,-0.051645088,-0.051086051,-0.046668179
9/22/2011,0.010584666,0.00428446,0.004998413
9/23/2011,-0.005123227,0.006445938,0.004460409
9/26/2011,0.036904556,0.042640843,0.040201202
9/27/2011,-0.019868839,-0.02653302,-0.014431432
9/28/2011,-0.011030715,-0.010935282,-0.003986507
9/29/2011,0.005286704,-0.010950932,-0.013142703
9/30/2011,-0.005441493,-0.006988106,-0.010334406
10/3/2011,-0.028515037,-0.020658706,-0.025829967
10/4/2011,0.025577646,0.032973137,0.031914894
10/5/2011,0.045557983,0.03699508,0.037062444
10/6/2011,-0.012008973,0.001963141,0.002286773
10/7/2011,0.021138332,0.016702393,0.018026172
10/10/2011,0.012438378,-0.009132703,-0.000611224
10/11/2011,0.005674683,0.011338326,0.00854384
10/12/2011,-0.011828423,-0.005880057,-0.007056489
10/13/2011,-0.000688941,0.005908861,0.011659326
10/14/2011,0.002697675,-0.010922415,-0.005433192
10/17/2011,0.000549138,-0.002762923,-0.004837493
10/18/2011,0.011938296,0.010850563,0.007411652
10/19/2011,-0.001756196,-0.011232421,-0.012072287
10/20/2011,0.025713126,0.028667023,0.019295411
10/21/2011,0.010993244,0.013636031,0.010840652
10/24/2011,-0.006707313,-0.011692575,-0.004073467
10/25/2011,0.010408573,0.005063943,0.005013121
10/26/2011,0.013040908,0.03428357,0.028920262
10/27/2011,0.009282739,-0.006142823,-0.002030173
10/28/2011,-0.028342298,-0.031970151,-0.027708604
10/31/2011,-0.020296693,-0.022128144,-0.022113199
11/1/2011,0.022005882,0.011158457,0.011527962
11/2/2011,0.017646831,0.010205278,0.011214238
11/3/2011,-0.004943486,-0.002083827,-0.003317946
11/4/2011,-0.001648773,-0.004429002,-0.002967144
11/7/2011,0.002826159,0.009605287,0.010252595
11/8/2011,-0.022024946,-0.017051767,-0.019201408
11/9/2011,-0.003124384,0.001236842,-0.002856934
11/10/2011,0.029646033,0.021231573,0.018476344
11/11/2011,-0.008405939,-0.014212779,-0.004760703
11/14/2011,0.013754083,-0.001077436,-0.000289908
11/15/2011,-0.00200262,-0.002236206,-0.001522456
11/16/2011,-0.01841449,-0.014366269,-0.015592667
11/17/2011,-0.012041145,-0.010835659,-0.011100662
11/18/2011,-0.024387868,-0.029301625,-0.026161219
11/21/2011,-0.003476021,-0.000598059,-0.003025313
11/22/2011,-0.001684513,-0.010610695,-0.012867788
11/23/2011,0.005563191,0.000897674,-0.002373633
11/24/2011,-0.005706695,0.002674827,0.007215851
11/25/2011,0.03861905,0.027823413,0.028695349
11/28/2011,-0.002029429,0.003984547,0.004555037
11/29/2011,0.025734262,0.035626596,0.031553307
11/30/2011,-0.005030275,-0.001046969,-0.002924401
12/1/2011,0.011162722,0.0122494,0.011476873
12/2/2011,-0.008389841,-0.000729207,0.002827657
12/5/2011,0.001566067,-0.005120672,0.000125718
12/6/2011,0.00054548,-0.00806247,-0.003914738
12/7/2011,-0.018559258,-0.018996316,-0.011375723
12/8/2011,0.006714903,0.004908826,0.008278931
12/9/2011,-0.019978422,-0.019948503,-0.018320914
12/12/2011,0.006122304,0.006953989,0.011459312
12/13/2011,-0.025377567,-0.022809377,-0.022458607
12/14/2011,0.000609938,0.007029311,0.006353879
12/15/2011,-0.002186785,-0.000874002,-0.002518099
12/16/2011,-0.010527323,-0.004065059,-0.004139365
12/19/2011,-0.005123948,0.009794718,0.010177074
12/20/2011,-0.015343853,-0.00899412,-0.005517012
12/21/2011,0.005867886,0.008168378,0.01248678
12/22/2011,0.018533398,0.008417157,0.010207073
12/23/2011,0.000980628,-0.002606756,-0.000961416
12/28/2011,0.009355196,0.010115777,0.010785489
12/29/2011,-0.006048259,5.79E-05,0.000988
